Workbook

Sheet Home padge

Sheet Chart Of Account
B2: شركة المتحدة
B3: قسم الحسابات
B4: السنة المالية2021
B5: دليل الحسابات
I7: القائمة | J7: الطبيعة | K7: نوع الحساب | L7: اسم الحساب | M7: رقم الحساب
I8: B.S | J8: مدين | K8: اصول | L8: النقدية | M8: 111
I9: B.S | J9: مدين | K9: اصول | L9: بنك مصر | M9: 112
I10: B.S | J10: مدين | K10: اصول | L10: مدينونTele | M10: 113
I11: B.S | J11: مدين | K11: اصول | L11: Teachمدينون | M11: 114
I12: B.S | J12: مدين | K12: اصول | L12: ادوات كتابية | M12: 115
I13: B.S | J13: مدين | K13: اصول | L13: السيارات | M13: 121
I14: B.S | J14: دائن | K14: مقابل الاصول | L14: مجمع اهلاك سيارات | M14: 122
I15: B.S | J15: مدين | K15: اصول | L15: الاثاث | M15: 123
I16: B.S | J16: دائن | K16: مقابل الاصول | L16: مجمع اهلاك الاثاث | M16: 124
I17: B.S | J17: مدين | K17: اصول | L17: مباني | M17: 125
I18: B.S | J18: مدين | K18: اصول | L18: معدات | M18: 126
I19: B.S | J19: مدين | K19: اصول | L19: الاراضي | M19: 127
... I26: B.S | J26: مدين | K26: حق ملكية | L26: مسحوبات | M26: 502
L27: حساب1 | M27: 0
L28: حساب2 | M28: 0

Sheet opining
A1: شركة المتحدة
A2: قسم الحسابات
A3: السنة المالية2021 | H3: الرصيد | I3: =I29-J29 -> 0 | K3: =K29-L29 -> 0 | M3: =M29-N29 -> 0 | O3: =O29-P29 -> 0 | Q3: =Q29-R29 -> 0 | S3: =S29-T29 -> 0 | U3: =U29-V29 -> 0 | W3: =W29-X29 -> 0 | Y3: =Y29-Z29 -> 0 | AA3: =AA29-AB29 -> 0 | AC3: =AC29-AD29 -> 0 | AE3: =AE29-AF29 -> 0 | AG3: =AG29-AH29 -> 0 | AI3: =AI29-AJ29 -> 0 | AK3: =AK29-AL29 -> 0 | AM3: =AM29-AN29 -> 0 | AO3: =AO29-AP29 -> 0 | AQ3: =AQ29-AR29 -> 0 | AS3: =AS29-AT29 -> 0 | AU3: =AU29-AV29 -> 0 | AW3: =AW29-AX29 -> 0
A4: دليل الحسابات
A6: رقم القيد | B6: التاريخ | C6: البيان | D6: الاجمالي | F6: contorl | G6: الفرق | I6: النقدية | K6: بنك مصر | M6: مدينونTele | O6: Teachمدينون | Q6: ادوات كتابية | S6: السيارات | U6: مجمع اهلاك سيارات | W6: الاثاث | Y6: مجمع اهلاك الاثاث | AA6: مباني | AC6: معدات | AE6: الاراضي | AG6: دائنونGlobal | AI6: مصروف صيانة | AK6: رواتب واجور | AM6: مصروف اهلاك | AO6: ايرادات | AQ6: راس المال | AS6: مسحوبات | AU6: حساب1 | AW6: حساب2
D7: مدين | E7: دائن | I7: مدين | J7: دائن | K7: مدين | L7: دائن | M7: مدين | N7: دائن | O7: مدين | P7: دائن | Q7: مدين | R7: دائن | S7: مدين | T7: دائن | U7: مدين | V7: دائن | W7: مدين | X7: دائن | Y7: مدين | Z7: دائن | AA7: مدين | AB7: دائن | AC7: مدين | AD7: دائن | AE7: مدين | AF7: دائن | AG7: مدين | AH7: دائن | AI7: مدين | AJ7: دائن | AK7: مدين | AL7: دائن | AM7: مدين | AN7: دائن | AO7: مدين | AP7: دائن | AQ7: مدين | AR7: دائن | AS7: مدين | AT7: دائن | AU7: مدين | AV7: دائن | AW7: مدين | AX7: دائن
D8: 0 | E8: =SUMIF($I$7:$AX$7,$I$7,I17:AX17) -> 0 | F8: =IF(D8=E8,"palance","unpalance") -> palance | G8: =IF(D8>E8,D8-E8,E8-D8) -> 0 | H8: =IF(D8>E8,"مدين اكبر",IF(E8>D8,"دائن اكبر","~")) -> ~ | I8: 0 | K8: 0 | L8: 0 | AP8: 0
D9: =SUMIF($I$7:$AX$7,$I$7,I9:AX9) -> 0 | E9: =SUMIF($I$7:$AX$7,$I$7,I18:AX18) -> 0 | F9: =IF(D9=E9,"palance","unpalance") -> palance | G9: =IF(D9>E9,D9-E9,E9-D9) -> 0 | H9: =IF(D9>E9,"مدين اكبر",IF(E9>D9,"دائن اكبر","~")) -> ~ | AP9: 0
D10: =SUMIF($I$7:$AX$7,$I$7,I10:AX10) -> 0 | E10: =SUMIF($I$7:$AX$7,$I$7,I19:AX19) -> 0 | F10: =IF(D10=E10,"palance","unpalance") -> palance | G10: =IF(D10>E10,D10-E10,E10-D10) -> 0 | H10: =IF(D10>E10,"مدين اكبر",IF(E10>D10,"دائن اكبر","~")) -> ~ | AP10: 0
D11: =SUMIF($I$7:$AX$7,$I$7,I11:AX11) -> 0 | E11: =SUMIF($I$7:$AX$7,$I$7,I20:AX20) -> 0 | F11: =IF(D11=E11,"palance","unpalance") -> palance | G11: =IF(D11>E11,D11-E11,E11-D11) -> 0 | H11: =IF(D11>E11,"مدين اكبر",IF(E11>D11,"دائن اكبر","~")) -> ~ | AP11: 0
D12: =SUMIF($I$7:$AX$7,$I$7,I12:AX12) -> 0 | E12: =SUMIF($I$7:$AX$7,$I$7,I21:AX21) -> 0 | F12: =IF(D12=E12,"palance","unpalance") -> palance | G12: =IF(D12>E12,D12-E12,E12-D12) -> 0 | H12: =IF(D12>E12,"مدين اكبر",IF(E12>D12,"دائن اكبر","~")) -> ~ | AP12: 0
D13: =SUMIF($I$7:$AX$7,$I$7,I13:AX13) -> 0 | E13: =SUMIF($I$7:$AX$7,$I$7,I22:AX22) -> 0 | F13: =IF(D13=E13,"palance","unpalance") -> palance | G13: =IF(D13>E13,D13-E13,E13-D13) -> 0 | H13: =IF(D13>E13,"مدين اكبر",IF(E13>D13,"دائن اكبر","~")) -> ~ | AP13: 0
D14: =SUMIF($I$7:$AX$7,$I$7,I14:AX14) -> 0 | E14: =SUMIF($I$7:$AX$7,$I$7,I23:AX23) -> 0 | F14: =IF(D14=E14,"palance","unpalance") -> palance | G14: =IF(D14>E14,D14-E14,E14-D14) -> 0 | H14: =IF(D14>E14,"مدين اكبر",IF(E14>D14,"دائن اكبر","~")) -> ~ | AP14: 0
D15: =SUMIF($I$7:$AX$7,$I$7,I15:AX15) -> 0 | E15: =SUMIF($I$7:$AX$7,$I$7,I24:AX24) -> 0 | F15: =IF(D15=E15,"palance","unpalance") -> palance | G15: =IF(D15>E15,D15-E15,E15-D15) -> 0 | H15: =IF(D15>E15,"مدين اكبر",IF(E15>D15,"دائن اكبر","~")) -> ~ | AP15: 0
D16: =SUMIF($I$7:$AX$7,$I$7,I16:AX16) -> 0 | E16: =SUMIF($I$7:$AX$7,$I$7,I25:AX25) -> 0 | F16: =IF(D16=E16,"palance","unpalance") -> palance | G16: =IF(D16>E16,D16-E16,E16-D16) -> 0 | H16: =IF(D16>E16,"مدين اكبر",IF(E16>D16,"دائن اكبر","~")) -> ~ | AP16: 0
D17: =SUMIF($I$7:$AX$7,$I$7,I17:AX17) -> 0 | E17: =SUMIF($I$7:$AX$7,$I$7,I26:AX26) -> 0 | F17: =IF(D17=E17,"palance","unpalance") -> palance | G17: =IF(D17>E17,D17-E17,E17-D17) -> 0 | H17: =IF(D17>E17,"مدين اكبر",IF(E17>D17,"دائن اكبر","~")) -> ~ | AP17: 0
D18: =SUMIF($I$7:$AX$7,$I$7,I18:AX18) -> 0 | E18: =SUMIF($I$7:$AX$7,$I$7,I27:AX27) -> 0 | F18: =IF(D18=E18,"palance","unpalance") -> palance | G18: =IF(D18>E18,D18-E18,E18-D18) -> 0 | H18: =IF(D18>E18,"مدين اكبر",IF(E18>D18,"دائن اكبر","~")) -> ~ | AP18: 0
D19: =SUMIF($I$7:$AX$7,$I$7,I19:AX19) -> 0 | E19: =SUMIF($I$7:$AX$7,$I$7,I28:AX28) -> 0 | F19: =IF(D19=E19,"palance","unpalance") -> palance | G19: =IF(D19>E19,D19-E19,E19-D19) -> 0 | H19: =IF(D19>E19,"مدين اكبر",IF(E19>D19,"دائن اكبر","~")) -> ~ | AP19: 0
D20: =SUMIF($I$7:$AX$7,$I$7,I20:AX20) -> 0 | E20: 0 | F20: =IF(D20=E20,"palance","unpalance") -> palance | G20: =IF(D20>E20,D20-E20,E20-D20) -> 0 | H20: =IF(D20>E20,"مدين اكبر",IF(E20>D20,"دائن اكبر","~")) -> ~ | AP20: 0
D21: =SUMIF($I$7:$AX$7,$I$7,I21:AX21) -> 0 | E21: =SUMIF($I$7:$AX$7,$I$7,I30:AX30) -> 0 | F21: =IF(D21=E21,"palance","unpalance") -> palance | G21: =IF(D21>E21,D21-E21,E21-D21) -> 0 | H21: =IF(D21>E21,"مدين اكبر",IF(E21>D21,"دائن اكبر","~")) -> ~ | AP21: 0
D22: =SUMIF($I$7:$AX$7,$I$7,I22:AX22) -> 0 | E22: =SUMIF($I$7:$AX$7,$I$7,I31:AX31) -> 0 | F22: =IF(D22=E22,"palance","unpalance") -> palance | G22: =IF(D22>E22,D22-E22,E22-D22) -> 0 | H22: =IF(D22>E22,"مدين اكبر",IF(E22>D22,"دائن اكبر","~")) -> ~ | AP22: 0
D23: =SUMIF($I$7:$AX$7,$I$7,I23:AX23) -> 0 | E23: =SUMIF($I$7:$AX$7,$I$7,I32:AX32) -> 0 | F23: =IF(D23=E23,"palance","unpalance") -> palance | G23: =IF(D23>E23,D23-E23,E23-D23) -> 0 | H23: =IF(D23>E23,"مدين اكبر",IF(E23>D23,"دائن اكبر","~")) -> ~ | AP23: 0
D24: =SUMIF($I$7:$AX$7,$I$7,I24:AX24) -> 0 | E24: =SUMIF($I$7:$AX$7,$I$7,I33:AX33) -> 0 | F24: =IF(D24=E24,"palance","unpalance") -> palance | G24: =IF(D24>E24,D24-E24,E24-D24) -> 0 | H24: =IF(D24>E24,"مدين اكبر",IF(E24>D24,"دائن اكبر","~")) -> ~ | AP24: 0
D25: =SUMIF($I$7:$AX$7,$I$7,I25:AX25) -> 0 | E25: =SUMIF($I$7:$AX$7,$I$7,I34:AX34) -> 0 | F25: =IF(D25=E25,"palance","unpalance") -> palance | G25: =IF(D25>E25,D25-E25,E25-D25) -> 0 | H25: =IF(D25>E25,"مدين اكبر",IF(E25>D25,"دائن اكبر","~")) -> ~ | AP25: 0
D26: =SUMIF($I$7:$AX$7,$I$7,I26:AX26) -> 0 | E26: =SUMIF($I$7:$AX$7,$I$7,I35:AX35) -> 0 | F26: =IF(D26=E26,"palance","unpalance") -> palance | G26: =IF(D26>E26,D26-E26,E26-D26) -> 0 | H26: =IF(D26>E26,"مدين اكبر",IF(E26>D26,"دائن اكبر","~")) -> ~ | AP26: 0
D27: =SUMIF($I$7:$AX$7,$I$7,I27:AX27) -> 0 | E27: =SUMIF($I$7:$AX$7,$I$7,I36:AX36) -> 0 | F27: =IF(D27=E27,"palance","unpalance") -> palance | G27: =IF(D27>E27,D27-E27,E27-D27) -> 0 | H27: =IF(D27>E27,"مدين اكبر",IF(E27>D27,"دائن اكبر","~")) -> ~ | AP27: 0
D28: =SUMIF($I$7:$AX$7,$I$7,I28:AX28) -> 0 | E28: =SUMIF($I$7:$AX$7,$I$7,I37:AX37) -> 0 | F28: =IF(D28=E28,"palance","unpalance") -> palance | G28: =IF(D28>E28,D28-E28,E28-D28) -> 0 | H28: =IF(D28>E28,"مدين اكبر",IF(E28>D28,"دائن اكبر","~")) -> ~ | AP28: 0
A29: الاجمالي | D29: 0 | E29: =SUMIF($I$7:$AX$7,$I$7,I38:AX38) -> 0 | F29: =IF(D29=E29,"palance","unpalance") -> palance | G29: =IF(D29>E29,D29-E29,E29-D29) -> 0 | H29: =IF(D29>E29,"مدين اكبر",IF(E29>D29,"دائن اكبر","~")) -> ~ | I29: =SUM(I8:I28) -> 0 | J29: =SUM(J8:J28) -> 0 | K29: =SUM(K8:K28) -> 0 | L29: =SUM(L8:L28) -> 0 | M29: =SUM(M8:M28) -> 0 | N29: =SUM(N8:N28) -> 0 | O29: =SUM(O8:O28) -> 0 | P29: =SUM(P8:P28) -> 0 | ... AX29: =SUM(AX8:AX28) -> 0

Sheet 1
A1: شركة المتحدة
A2: قسم الحسابات
A3: السنة المالية2021 | I3: =I29-J29+opining!I3 -> 0 | K3: =K29-L29+opining!K3 -> 0 | M3: =M29-N29+opining!M3 -> 0 | O3: =O29-P29+opining!O3 -> 0 | Q3: =Q29-R29+opining!Q3 -> 0 | S3: =S29-T29+opining!S3 -> 0 | U3: =U29-V29+opining!U3 -> 0 | W3: =W29-X29+opining!W3 -> 0 | Y3: =Y29-Z29+opining!Y3 -> 0 | AA3: =AA29-AB29+opining!AA3 -> 0 | AC3: =AC29-AD29+opining!AC3 -> 0 | AE3: =AE29-AF29+opining!AE3 -> 0 | AG3: =AG29-AH29+opining!AG3 -> 0 | AI3: =AI29-AJ29+opining!AI3 -> 0 | AK3: =AK29-AL29+opining!AK3 -> 0 | AM3: =AM29-AN29+opining!AM3 -> 0 | AO3: =AO29-AP29+opining!AO3 -> 0 | AQ3: =AQ29-AR29+opining!AQ3 -> 0 | AS3: =AS29-AT29+opining!AS3 -> 0 | AU3: =AU29-AV29+opining!AU3 -> 0 | AW3: =AW29-AX29+opining!AW3 -> 0
A4: دليل الحسابات
A6: رقم القيد | B6: التاريخ | C6: البيان | D6: الاجمالي | F6: contorl | G6: الفرق | I6: النقدية | K6: بنك مصر | M6: مدينونTele | O6: Teachمدينون | Q6: ادوات كتابية | S6: السيارات | U6: مجمع اهلاك سيارات | W6: الاثاث | Y6: مجمع اهلاك الاثاث | AA6: مباني | AC6: معدات | AE6: الاراضي | AG6: دائنونGlobal | AI6: مصروف صيانة | AK6: رواتب واجور | AM6: مصروف اهلاك | AO6: ايرادات | AQ6: راس المال | AS6: مسحوبات | AU6: حساب1 | AW6: حساب2
D7: مدين | E7: دائن | I7: مدين | J7: دائن | K7: مدين | L7: دائن | M7: مدين | N7: دائن | O7: مدين | P7: دائن | Q7: مدين | R7: دائن | S7: مدين | T7: دائن | U7: مدين | V7: دائن | W7: مدين | X7: دائن | Y7: مدين | Z7: دائن | AA7: مدين | AB7: دائن | AC7: مدين | AD7: دائن | AE7: مدين | AF7: دائن | AG7: مدين | AH7: دائن | AI7: مدين | AJ7: دائن | AK7: مدين | AL7: دائن | AM7: مدين | AN7: دائن | AO7: مدين | AP7: دائن | AQ7: مدين | AR7: دائن | AS7: مدين | AT7: دائن | AU7: مدين | AV7: دائن | AW7: مدين | AX7: دائن
D8: =SUMIF($I$7:$AX$7,$I$7,I8:AX8) -> 0 | E8: 0 | F8: =IF(D8=E8,"palance","unpalance") -> palance | G8: =IF(D8>E8,D8-E8,E8-D8) -> 0 | H8: =IF(D8>E8,"مدين اكبر",IF(E8>D8,"دائن اكبر","~")) -> ~ | AP8: 0
D9: =SUMIF($I$7:$AX$7,$I$7,I9:AX9) -> 0 | E9: 0 | F9: =IF(D9=E9,"palance","unpalance") -> palance | G9: =IF(D9>E9,D9-E9,E9-D9) -> 0 | H9: =IF(D9>E9,"مدين اكبر",IF(E9>D9,"دائن اكبر","~")) -> ~ | I9: 0 | AP9: 0
D10: =SUMIF($I$7:$AX$7,$I$7,I10:AX10) -> 0 | E10: =SUMIF($I$7:$AX$7,$J$7,I10:AX10) -> 0 | F10: =IF(D10=E10,"palance","unpalance") -> palance | G10: =IF(D10>E10,D10-E10,E10-D10) -> 0 | H10: =IF(D10>E10,"مدين اكبر",IF(E10>D10,"دائن اكبر","~")) -> ~
D11: =SUMIF($I$7:$AX$7,$I$7,I11:AX11) -> 0 | E11: =SUMIF($I$7:$AX$7,$J$7,I11:AX11) -> 0 | F11: =IF(D11=E11,"palance","unpalance") -> palance | G11: =IF(D11>E11,D11-E11,E11-D11) -> 0 | H11: =IF(D11>E11,"مدين اكبر",IF(E11>D11,"دائن اكبر","~")) -> ~
D12: =SUMIF($I$7:$AX$7,$I$7,I12:AX12) -> 0 | E12: 0 | F12: =IF(D12=E12,"palance","unpalance") -> palance | G12: =IF(D12>E12,D12-E12,E12-D12) -> 0 | H12: =IF(D12>E12,"مدين اكبر",IF(E12>D12,"دائن اكبر","~")) -> ~
D13: 0 | E13: =SUMIF($I$7:$AX$7,$J$7,I13:AX13) -> 0 | F13: =IF(D13=E13,"palance","unpalance") -> palance | G13: =IF(D13>E13,D13-E13,E13-D13) -> 0 | H13: =IF(D13>E13,"مدين اكبر",IF(E13>D13,"دائن اكبر","~")) -> ~
D14: =SUMIF($I$7:$AX$7,$I$7,I14:AX14) -> 0 | E14: =SUMIF($I$7:$AX$7,$J$7,I14:AX14) -> 0 | F14: =IF(D14=E14,"palance","unpalance") -> palance | G14: =IF(D14>E14,D14-E14,E14-D14) -> 0 | H14: =IF(D14>E14,"مدين اكبر",IF(E14>D14,"دائن اكبر","~")) -> ~
D15: =SUMIF($I$7:$AX$7,$I$7,I15:AX15) -> 0 | E15: =SUMIF($I$7:$AX$7,$J$7,I15:AX15) -> 0 | F15: =IF(D15=E15,"palance","unpalance") -> palance | G15: =IF(D15>E15,D15-E15,E15-D15) -> 0 | H15: =IF(D15>E15,"مدين اكبر",IF(E15>D15,"دائن اكبر","~")) -> ~
D16: =SUMIF($I$7:$AX$7,$I$7,I16:AX16) -> 0 | E16: =SUMIF($I$7:$AX$7,$J$7,I16:AX16) -> 0 | F16: =IF(D16=E16,"palance","unpalance") -> palance | G16: =IF(D16>E16,D16-E16,E16-D16) -> 0 | H16: =IF(D16>E16,"مدين اكبر",IF(E16>D16,"دائن اكبر","~")) -> ~
D17: =SUMIF($I$7:$AX$7,$I$7,I17:AX17) -> 0 | E17: =SUMIF($I$7:$AX$7,$J$7,I17:AX17) -> 0 | F17: =IF(D17=E17,"palance","unpalance") -> palance | G17: =IF(D17>E17,D17-E17,E17-D17) -> 0 | H17: =IF(D17>E17,"مدين اكبر",IF(E17>D17,"دائن اكبر","~")) -> ~
D18: =SUMIF($I$7:$AX$7,$I$7,I18:AX18) -> 0 | E18: =SUMIF($I$7:$AX$7,$J$7,I18:AX18) -> 0 | F18: =IF(D18=E18,"palance","unpalance") -> palance | G18: =IF(D18>E18,D18-E18,E18-D18) -> 0 | H18: =IF(D18>E18,"مدين اكبر",IF(E18>D18,"دائن اكبر","~")) -> ~
D19: =SUMIF($I$7:$AX$7,$I$7,I19:AX19) -> 0 | E19: =SUMIF($I$7:$AX$7,$J$7,I19:AX19) -> 0 | F19: =IF(D19=E19,"palance","unpalance") -> palance | G19: =IF(D19>E19,D19-E19,E19-D19) -> 0 | H19: =IF(D19>E19,"مدين اكبر",IF(E19>D19,"دائن اكبر","~")) -> ~
D20: =SUMIF($I$7:$AX$7,$I$7,I20:AX20) -> 0 | E20: =SUMIF($I$7:$AX$7,$J$7,I20:AX20) -> 0 | F20: =IF(D20=E20,"palance","unpalance") -> palance | G20: =IF(D20>E20,D20-E20,E20-D20) -> 0 | H20: =IF(D20>E20,"مدين اكبر",IF(E20>D20,"دائن اكبر","~")) -> ~
D21: =SUMIF($I$7:$AX$7,$I$7,I21:AX21) -> 0 | E21: =SUMIF($I$7:$AX$7,$J$7,I21:AX21) -> 0 | F21: =IF(D21=E21,"palance","unpalance") -> palance | G21: =IF(D21>E21,D21-E21,E21-D21) -> 0 | H21: =IF(D21>E21,"مدين اكبر",IF(E21>D21,"دائن اكبر","~")) -> ~
D22: =SUMIF($I$7:$AX$7,$I$7,I22:AX22) -> 0 | E22: =SUMIF($I$7:$AX$7,$J$7,I22:AX22) -> 0 | F22: =IF(D22=E22,"palance","unpalance") -> palance | G22: =IF(D22>E22,D22-E22,E22-D22) -> 0 | H22: =IF(D22>E22,"مدين اكبر",IF(E22>D22,"دائن اكبر","~")) -> ~
D23: =SUMIF($I$7:$AX$7,$I$7,I23:AX23) -> 0 | E23: =SUMIF($I$7:$AX$7,$J$7,I23:AX23) -> 0 | F23: =IF(D23=E23,"palance","unpalance") -> palance | G23: =IF(D23>E23,D23-E23,E23-D23) -> 0 | H23: =IF(D23>E23,"مدين اكبر",IF(E23>D23,"دائن اكبر","~")) -> ~
E24: =SUMIF($I$7:$AX$7,$J$7,I24:AX24) -> 0 | F24: =IF(D24=E24,"palance","unpalance") -> palance | G24: =IF(D24>E24,D24-E24,E24-D24) -> 0 | H24: =IF(D24>E24,"مدين اكبر",IF(E24>D24,"دائن اكبر","~")) -> ~
D25: =SUMIF($I$7:$AX$7,$I$7,I25:AX25) -> 0 | E25: =SUMIF($I$7:$AX$7,$J$7,I25:AX25) -> 0 | F25: =IF(D25=E25,"palance","unpalance") -> palance | G25: =IF(D25>E25,D25-E25,E25-D25) -> 0 | H25: =IF(D25>E25,"مدين اكبر",IF(E25>D25,"دائن اكبر","~")) -> ~
D26: =SUMIF($I$7:$AX$7,$I$7,I26:AX26) -> 0 | E26: =SUMIF($I$7:$AX$7,$J$7,I26:AX26) -> 0 | F26: =IF(D26=E26,"palance","unpalance") -> palance | G26: =IF(D26>E26,D26-E26,E26-D26) -> 0 | H26: =IF(D26>E26,"مدين اكبر",IF(E26>D26,"دائن اكبر","~")) -> ~ | AQ26: 0 | AR26: 0
D27: =SUMIF($I$7:$AX$7,$I$7,I27:AX27) -> 0 | E27: =SUMIF($I$7:$AX$7,$J$7,I27:AX27) -> 0 | F27: =IF(D27=E27,"palance","unpalance") -> palance | G27: =IF(D27>E27,D27-E27,E27-D27) -> 0 | H27: =IF(D27>E27,"مدين اكبر",IF(E27>D27,"دائن اكبر","~")) -> ~
D28: 0 | E28: =SUMIF($I$7:$AX$7,$J$7,I28:AX28) -> 0 | F28: =IF(D28=E28,"palance","unpalance") -> palance | G28: =IF(D28>E28,D28-E28,E28-D28) -> 0 | H28: =IF(D28>E28,"مدين اكبر",IF(E28>D28,"دائن اكبر","~")) -> ~ | I28: 0 | AQ28: 0
A29: الاجمالي | F29: =IF(D29=E29,"palance","unpalance") -> palance | G29: =IF(D29>E29,D29-E29,E29-D29) -> 0 | H29: =IF(D29>E29,"مدين اكبر",IF(E29>D29,"دائن اكبر","~")) -> ~ | I29: =SUM(I8:I28) -> 0 | J29: =SUM(J8:J28) -> 0 | K29: =SUM(K8:K28) -> 0 | L29: =SUM(L8:L28) -> 0 | M29: =SUM(M8:M28) -> 0 | N29: =SUM(N8:N28) -> 0 | O29: =SUM(O8:O28) -> 0 | P29: =SUM(P8:P28) -> 0 | ... AX29: =SUM(AX8:AX28) -> 0

Sheet 2
A1: شركة المتحدة
A2: قسم الحسابات
A3: السنة المالية2021 | I3: 0 | K3: =K29-L29+'1'!K3 -> 0 | M3: =M29-N29+'1'!M3 -> 0 | O3: =O29-P29+'1'!O3 -> 0 | Q3: =Q29-R29+'1'!Q3 -> 0 | S3: =S29-T29+'1'!S3 -> 0 | U3: =U29-V29+'1'!U3 -> 0 | W3: =W29-X29+'1'!W3 -> 0 | Y3: =Y29-Z29+'1'!Y3 -> 0 | AA3: =AA29-AB29+'1'!AA3 -> 0 | AC3: =AC29-AD29+'1'!AC3 -> 0 | AE3: =AE29-AF29+'1'!AE3 -> 0 | AG3: =AG29-AH29+'1'!AG3 -> 0 | AI3: =AI29-AJ29+'1'!AI3 -> 0 | AK3: =AK29-AL29+'1'!AK3 -> 0 | AM3: =AM29-AN29+'1'!AM3 -> 0 | AO3: =AO29-AP29+'1'!AO3 -> 0 | AQ3: =AQ29-AR29+'1'!AQ3 -> 0 | AS3: =AS29-AT29+'1'!AS3 -> 0 | AU3: =AU29-AV29+'1'!AU3 -> 0 | AW3: =AW29-AX29+'1'!AW3 -> 0
A4: دليل الحسابات
A6: رقم القيد | B6: التاريخ | C6: البيان | D6: الاجمالي | F6: contorl | G6: الفرق | I6: النقدية | K6: بنك مصر | M6: مدينونTele | O6: Teachمدينون | Q6: ادوات كتابية | S6: السيارات | U6: مجمع اهلاك سيارات | W6: الاثاث | Y6: مجمع اهلاك الاثاث | AA6: مباني | AC6: معدات | AE6: الاراضي | AG6: دائنونGlobal | AI6: مصروف صيانة | AK6: رواتب واجور | AM6: مصروف اهلاك | AO6: ايرادات | AQ6: راس المال | AS6: مسحوبات | AU6: حساب1 | AW6: حساب2
D7: مدين | E7: دائن | I7: مدين | J7: دائن | K7: مدين | L7: دائن | M7: مدين | N7: دائن | O7: مدين | P7: دائن | Q7: مدين | R7: دائن | S7: مدين | T7: دائن | U7: مدين | V7: دائن | W7: مدين | X7: دائن | Y7: مدين | Z7: دائن | AA7: مدين | AB7: دائن | AC7: مدين | AD7: دائن | AE7: مدين | AF7: دائن | AG7: مدين | AH7: دائن | AI7: مدين | AJ7: دائن | AK7: مدين | AL7: دائن | AM7: مدين | AN7: دائن | AO7: مدين | AP7: دائن | AQ7: مدين | AR7: دائن | AS7: مدين | AT7: دائن | AU7: مدين | AV7: دائن | AW7: مدين | AX7: دائن
D8: 500 | E8: =SUMIF($I$7:$AX$7,$J$7,I8:AX8) -> 0 | F8: =IF(D8=E8,"palance","unpalance") -> unpalance | G8: =IF(D8>E8,D8-E8,E8-D8) -> 500 | H8: =IF(D8>E8,"مدين اكبر",IF(E8>D8,"دائن اكبر","~")) -> مدين اكبر | AP8: 0
D9: =SUMIF($I$7:$AX$7,$I$7,I9:AX9) -> 0 | E9: =SUMIF($I$7:$AX$7,$J$7,I9:AX9) -> 0 | F9: =IF(D9=E9,"palance","unpalance") -> palance | G9: =IF(D9>E9,D9-E9,E9-D9) -> 0 | H9: =IF(D9>E9,"مدين اكبر",IF(E9>D9,"دائن اكبر","~")) -> ~ | AP9: 0
D10: =SUMIF($I$7:$AX$7,$I$7,I10:AX10) -> 0 | E10: =SUMIF($I$7:$AX$7,$J$7,I10:AX10) -> 0 | F10: =IF(D10=E10,"palance","unpalance") -> palance | G10: =IF(D10>E10,D10-E10,E10-D10) -> 0 | H10: =IF(D10>E10,"مدين اكبر",IF(E10>D10,"دائن اكبر","~")) -> ~
D11: =SUMIF($I$7:$AX$7,$I$7,I11:AX11) -> 0 | E11: =SUMIF($I$7:$AX$7,$J$7,I11:AX11) -> 0 | F11: =IF(D11=E11,"palance","unpalance") -> palance | G11: =IF(D11>E11,D11-E11,E11-D11) -> 0 | H11: =IF(D11>E11,"مدين اكبر",IF(E11>D11,"دائن اكبر","~")) -> ~
D12: =SUMIF($I$7:$AX$7,$I$7,I12:AX12) -> 0 | E12: =SUMIF($I$7:$AX$7,$J$7,I12:AX12) -> 0 | F12: =IF(D12=E12,"palance","unpalance") -> palance | G12: =IF(D12>E12,D12-E12,E12-D12) -> 0 | H12: =IF(D12>E12,"مدين اكبر",IF(E12>D12,"دائن اكبر","~")) -> ~
D13: =SUMIF($I$7:$AX$7,$I$7,I13:AX13) -> 0 | E13: =SUMIF($I$7:$AX$7,$J$7,I13:AX13) -> 0 | F13: =IF(D13=E13,"palance","unpalance") -> palance | G13: =IF(D13>E13,D13-E13,E13-D13) -> 0 | H13: =IF(D13>E13,"مدين اكبر",IF(E13>D13,"دائن اكبر","~")) -> ~
D14: =SUMIF($I$7:$AX$7,$I$7,I14:AX14) -> 0 | E14: =SUMIF($I$7:$AX$7,$J$7,I14:AX14) -> 0 | F14: =IF(D14=E14,"palance","unpalance") -> palance | G14: =IF(D14>E14,D14-E14,E14-D14) -> 0 | H14: =IF(D14>E14,"مدين اكبر",IF(E14>D14,"دائن اكبر","~")) -> ~
D15: =SUMIF($I$7:$AX$7,$I$7,I15:AX15) -> 0 | E15: =SUMIF($I$7:$AX$7,$J$7,I15:AX15) -> 0 | F15: =IF(D15=E15,"palance","unpalance") -> palance | G15: =IF(D15>E15,D15-E15,E15-D15) -> 0 | H15: =IF(D15>E15,"مدين اكبر",IF(E15>D15,"دائن اكبر","~")) -> ~
D16: =SUMIF($I$7:$AX$7,$I$7,I16:AX16) -> 0 | E16: =SUMIF($I$7:$AX$7,$J$7,I16:AX16) -> 0 | F16: =IF(D16=E16,"palance","unpalance") -> palance | G16: =IF(D16>E16,D16-E16,E16-D16) -> 0 | H16: =IF(D16>E16,"مدين اكبر",IF(E16>D16,"دائن اكبر","~")) -> ~
D17: =SUMIF($I$7:$AX$7,$I$7,I17:AX17) -> 0 | E17: =SUMIF($I$7:$AX$7,$J$7,I17:AX17) -> 0 | F17: =IF(D17=E17,"palance","unpalance") -> palance | G17: =IF(D17>E17,D17-E17,E17-D17) -> 0 | H17: =IF(D17>E17,"مدين اكبر",IF(E17>D17,"دائن اكبر","~")) -> ~
D18: =SUMIF($I$7:$AX$7,$I$7,I18:AX18) -> 0 | E18: =SUMIF($I$7:$AX$7,$J$7,I18:AX18) -> 0 | F18: =IF(D18=E18,"palance","unpalance") -> palance | G18: =IF(D18>E18,D18-E18,E18-D18) -> 0 | H18: =IF(D18>E18,"مدين اكبر",IF(E18>D18,"دائن اكبر","~")) -> ~
D19: =SUMIF($I$7:$AX$7,$I$7,I19:AX19) -> 0 | E19: =SUMIF($I$7:$AX$7,$J$7,I19:AX19) -> 0 | F19: =IF(D19=E19,"palance","unpalance") -> palance | G19: =IF(D19>E19,D19-E19,E19-D19) -> 0 | H19: =IF(D19>E19,"مدين اكبر",IF(E19>D19,"دائن اكبر","~")) -> ~
D20: =SUMIF($I$7:$AX$7,$I$7,I20:AX20) -> 0 | E20: =SUMIF($I$7:$AX$7,$J$7,I20:AX20) -> 0 | F20: =IF(D20=E20,"palance","unpalance") -> palance | G20: =IF(D20>E20,D20-E20,E20-D20) -> 0 | H20: =IF(D20>E20,"مدين اكبر",IF(E20>D20,"دائن اكبر","~")) -> ~
D21: =SUMIF($I$7:$AX$7,$I$7,I21:AX21) -> 0 | E21: =SUMIF($I$7:$AX$7,$J$7,I21:AX21) -> 0 | F21: =IF(D21=E21,"palance","unpalance") -> palance | G21: =IF(D21>E21,D21-E21,E21-D21) -> 0 | H21: =IF(D21>E21,"مدين اكبر",IF(E21>D21,"دائن اكبر","~")) -> ~
... D28: =SUMIF($I$7:$AX$7,$I$7,I28:AX28) -> 0 | E28: =SUMIF($I$7:$AX$7,$J$7,I28:AX28) -> 0 | F28: =IF(D28=E28,"palance","unpalance") -> palance | G28: =IF(D28>E28,D28-E28,E28-D28) -> 0 | H28: =IF(D28>E28,"مدين اكبر",IF(E28>D28,"دائن اكبر","~")) -> ~
A29: الاجمالي | F29: =IF(D29=E29,"palance","unpalance") -> palance | G29: =IF(D29>E29,D29-E29,E29-D29) -> 0 | H29: =IF(D29>E29,"مدين اكبر",IF(E29>D29,"دائن اكبر","~")) -> ~ | I29: =SUM(I8:I28) -> 0 | J29: =SUM(J8:J28) -> 0 | K29: =SUM(K8:K28) -> 0 | L29: =SUM(L8:L28) -> 0 | M29: =SUM(M8:M28) -> 0 | N29: =SUM(N8:N28) -> 0 | O29: =SUM(O8:O28) -> 0 | P29: =SUM(P8:P28) -> 0 | ... AX29: =SUM(AX8:AX28) -> 0

Sheet 3
A1: شركة المتحدة
A2: قسم الحسابات
A3: السنة المالية2021 | I3: =I29-J29+'2'!I3 -> 0 | K3: =K29-L29+'2'!K3 -> 0 | M3: =M29-N29+'2'!M3 -> 0 | O3: =O29-P29+'2'!O3 -> 0 | Q3: =Q29-R29+'2'!Q3 -> 0 | S3: =S29-T29+'2'!S3 -> 0 | U3: =U29-V29+'2'!U3 -> 0 | W3: =W29-X29+'2'!W3 -> 0 | Y3: =Y29-Z29+'2'!Y3 -> 0 | AA3: =AA29-AB29+'2'!AA3 -> 0 | AC3: =AC29-AD29+'2'!AC3 -> 0 | AE3: =AE29-AF29+'2'!AE3 -> 0 | AG3: =AG29-AH29+'2'!AG3 -> 0 | AI3: =AI29-AJ29+'2'!AI3 -> 0 | AK3: =AK29-AL29+'2'!AK3 -> 0 | AM3: =AM29-AN29+'2'!AM3 -> 0 | AO3: =AO29-AP29+'2'!AO3 -> 0 | AQ3: =AQ29-AR29+'2'!AQ3 -> 0 | AS3: =AS29-AT29+'2'!AS3 -> 0 | AU3: =AU29-AV29+'2'!AU3 -> 0 | AW3: =AW29-AX29+'2'!AW3 -> 0
A4: دليل الحسابات
A6: رقم القيد | B6: التاريخ | C6: البيان | D6: الاجمالي | F6: contorl | G6: الفرق | I6: النقدية | K6: بنك مصر | M6: مدينونTele | O6: Teachمدينون | Q6: ادوات كتابية | S6: السيارات | U6: مجمع اهلاك سيارات | W6: الاثاث | Y6: مجمع اهلاك الاثاث | AA6: مباني | AC6: معدات | AE6: الاراضي | AG6: دائنونGlobal | AI6: مصروف صيانة | AK6: رواتب واجور | AM6: مصروف اهلاك | AO6: ايرادات | AQ6: راس المال | AS6: مسحوبات | AU6: حساب1 | AW6: حساب2
D7: مدين | E7: دائن | I7: مدين | J7: دائن | K7: مدين | L7: دائن | M7: مدين | N7: دائن | O7: مدين | P7: دائن | Q7: مدين | R7: دائن | S7: مدين | T7: دائن | U7: مدين | V7: دائن | W7: مدين | X7: دائن | Y7: مدين | Z7: دائن | AA7: مدين | AB7: دائن | AC7: مدين | AD7: دائن | AE7: مدين | AF7: دائن | AG7: مدين | AH7: دائن | AI7: مدين | AJ7: دائن | AK7: مدين | AL7: دائن | AM7: مدين | AN7: دائن | AO7: مدين | AP7: دائن | AQ7: مدين | AR7: دائن | AS7: مدين | AT7: دائن | AU7: مدين | AV7: دائن | AW7: مدين | AX7: دائن
D8: 0 | E8: =SUMIF($I$7:$AX$7,$J$7,I8:AX8) -> 0 | F8: =IF(D8=E8,"palance","unpalance") -> palance | G8: =IF(D8>E8,D8-E8,E8-D8) -> 0 | H8: =IF(D8>E8,"مدين اكبر",IF(E8>D8,"دائن اكبر","~")) -> ~ | AP8: 0
D9: 0 | E9: =SUMIF($I$7:$AX$7,$J$7,I9:AX9) -> 0 | F9: =IF(D9=E9,"palance","unpalance") -> palance | G9: =IF(D9>E9,D9-E9,E9-D9) -> 0 | H9: =IF(D9>E9,"مدين اكبر",IF(E9>D9,"دائن اكبر","~")) -> ~ | AP9: 0
D10: =SUMIF($I$7:$AX$7,$I$7,I10:AX10) -> 0 | E10: =SUMIF($I$7:$AX$7,$J$7,I10:AX10) -> 0 | F10: =IF(D10=E10,"palance","unpalance") -> palance | G10: =IF(D10>E10,D10-E10,E10-D10) -> 0 | H10: =IF(D10>E10,"مدين اكبر",IF(E10>D10,"دائن اكبر","~")) -> ~
D11: =SUMIF($I$7:$AX$7,$I$7,I11:AX11) -> 0 | E11: =SUMIF($I$7:$AX$7,$J$7,I11:AX11) -> 0 | F11: =IF(D11=E11,"palance","unpalance") -> palance | G11: =IF(D11>E11,D11-E11,E11-D11) -> 0 | H11: =IF(D11>E11,"مدين اكبر",IF(E11>D11,"دائن اكبر","~")) -> ~
D12: =SUMIF($I$7:$AX$7,$I$7,I12:AX12) -> 0 | E12: =SUMIF($I$7:$AX$7,$J$7,I12:AX12) -> 0 | F12: =IF(D12=E12,"palance","unpalance") -> palance | G12: =IF(D12>E12,D12-E12,E12-D12) -> 0 | H12: =IF(D12>E12,"مدين اكبر",IF(E12>D12,"دائن اكبر","~")) -> ~
D13: =SUMIF($I$7:$AX$7,$I$7,I13:AX13) -> 0 | E13: =SUMIF($I$7:$AX$7,$J$7,I13:AX13) -> 0 | F13: =IF(D13=E13,"palance","unpalance") -> palance | G13: =IF(D13>E13,D13-E13,E13-D13) -> 0 | H13: =IF(D13>E13,"مدين اكبر",IF(E13>D13,"دائن اكبر","~")) -> ~
D14: =SUMIF($I$7:$AX$7,$I$7,I14:AX14) -> 0 | E14: =SUMIF($I$7:$AX$7,$J$7,I14:AX14) -> 0 | F14: =IF(D14=E14,"palance","unpalance") -> palance | G14: =IF(D14>E14,D14-E14,E14-D14) -> 0 | H14: =IF(D14>E14,"مدين اكبر",IF(E14>D14,"دائن اكبر","~")) -> ~
D15: =SUMIF($I$7:$AX$7,$I$7,I15:AX15) -> 0 | E15: =SUMIF($I$7:$AX$7,$J$7,I15:AX15) -> 0 | F15: =IF(D15=E15,"palance","unpalance") -> palance | G15: =IF(D15>E15,D15-E15,E15-D15) -> 0 | H15: =IF(D15>E15,"مدين اكبر",IF(E15>D15,"دائن اكبر","~")) -> ~
D16: =SUMIF($I$7:$AX$7,$I$7,I16:AX16) -> 0 | E16: =SUMIF($I$7:$AX$7,$J$7,I16:AX16) -> 0 | F16: =IF(D16=E16,"palance","unpalance") -> palance | G16: =IF(D16>E16,D16-E16,E16-D16) -> 0 | H16: =IF(D16>E16,"مدين اكبر",IF(E16>D16,"دائن اكبر","~")) -> ~
D17: =SUMIF($I$7:$AX$7,$I$7,I17:AX17) -> 0 | E17: =SUMIF($I$7:$AX$7,$J$7,I17:AX17) -> 0 | F17: =IF(D17=E17,"palance","unpalance") -> palance | G17: =IF(D17>E17,D17-E17,E17-D17) -> 0 | H17: =IF(D17>E17,"مدين اكبر",IF(E17>D17,"دائن اكبر","~")) -> ~
D18: =SUMIF($I$7:$AX$7,$I$7,I18:AX18) -> 0 | E18: =SUMIF($I$7:$AX$7,$J$7,I18:AX18) -> 0 | F18: =IF(D18=E18,"palance","unpalance") -> palance | G18: =IF(D18>E18,D18-E18,E18-D18) -> 0 | H18: =IF(D18>E18,"مدين اكبر",IF(E18>D18,"دائن اكبر","~")) -> ~
D19: =SUMIF($I$7:$AX$7,$I$7,I19:AX19) -> 0 | E19: =SUMIF($I$7:$AX$7,$J$7,I19:AX19) -> 0 | F19: =IF(D19=E19,"palance","unpalance") -> palance | G19: =IF(D19>E19,D19-E19,E19-D19) -> 0 | H19: =IF(D19>E19,"مدين اكبر",IF(E19>D19,"دائن اكبر","~")) -> ~
D20: =SUMIF($I$7:$AX$7,$I$7,I20:AX20) -> 0 | E20: =SUMIF($I$7:$AX$7,$J$7,I20:AX20) -> 0 | F20: =IF(D20=E20,"palance","unpalance") -> palance | G20: =IF(D20>E20,D20-E20,E20-D20) -> 0 | H20: =IF(D20>E20,"مدين اكبر",IF(E20>D20,"دائن اكبر","~")) -> ~
D21: =SUMIF($I$7:$AX$7,$I$7,I21:AX21) -> 0 | E21: =SUMIF($I$7:$AX$7,$J$7,I21:AX21) -> 0 | F21: =IF(D21=E21,"palance","unpalance") -> palance | G21: =IF(D21>E21,D21-E21,E21-D21) -> 0 | H21: =IF(D21>E21,"مدين اكبر",IF(E21>D21,"دائن اكبر","~")) -> ~
... D28: =SUMIF($I$7:$AX$7,$I$7,I28:AX28) -> 0 | E28: =SUMIF($I$7:$AX$7,$J$7,I28:AX28) -> 0 | F28: =IF(D28=E28,"palance","unpalance") -> palance | G28: =IF(D28>E28,D28-E28,E28-D28) -> 0 | H28: =IF(D28>E28,"مدين اكبر",IF(E28>D28,"دائن اكبر","~")) -> ~
A29: الاجمالي | F29: =IF(D29=E29,"palance","unpalance") -> palance | G29: =IF(D29>E29,D29-E29,E29-D29) -> 0 | H29: =IF(D29>E29,"مدين اكبر",IF(E29>D29,"دائن اكبر","~")) -> ~ | I29: =SUM(I8:I28) -> 0 | J29: =SUM(J8:J28) -> 0 | K29: =SUM(K8:K28) -> 0 | L29: =SUM(L8:L28) -> 0 | M29: =SUM(M8:M28) -> 0 | N29: =SUM(N8:N28) -> 0 | O29: =SUM(O8:O28) -> 0 | P29: =SUM(P8:P28) -> 0 | ... AX29: =SUM(AX8:AX28) -> 0

Sheet 4
A1: شركة المتحدة
A2: قسم الحسابات
A3: السنة المالية2021 | I3: =I29-J29+'3'!I3 -> 0 | K3: =K29-L29+'3'!K3 -> 0 | M3: =M29-N29+'3'!M3 -> 0 | O3: =O29-P29+'3'!O3 -> 0 | Q3: =Q29-R29+'3'!Q3 -> 0 | S3: =S29-T29+'3'!S3 -> 0 | U3: =U29-V29+'3'!U3 -> 0 | W3: =W29-X29+'3'!W3 -> 0 | Y3: =Y29-Z29+'3'!Y3 -> 0 | AA3: =AA29-AB29+'3'!AA3 -> 0 | AC3: =AC29-AD29+'3'!AC3 -> 0 | AE3: =AE29-AF29+'3'!AE3 -> 0 | AG3: =AG29-AH29+'3'!AG3 -> 0 | AI3: =AI29-AJ29+'3'!AI3 -> 0 | AK3: =AK29-AL29+'3'!AK3 -> 0 | AM3: =AM29-AN29+'3'!AM3 -> 0 | AO3: =AO29-AP29+'3'!AO3 -> 0 | AQ3: =AQ29-AR29+'3'!AQ3 -> 0 | AS3: =AS29-AT29+'3'!AS3 -> 0 | AU3: =AU29-AV29+'3'!AU3 -> 0 | AW3: =AW29-AX29+'3'!AW3 -> 0
A4: دليل الحسابات
A6: رقم القيد | B6: التاريخ | C6: البيان | D6: الاجمالي | F6: contorl | G6: الفرق | I6: النقدية | K6: بنك مصر | M6: مدينونTele | O6: Teachمدينون | Q6: ادوات كتابية | S6: السيارات | U6: مجمع اهلاك سيارات | W6: الاثاث | Y6: مجمع اهلاك الاثاث | AA6: مباني | AC6: معدات | AE6: الاراضي | AG6: دائنونGlobal | AI6: مصروف صيانة | AK6: رواتب واجور | AM6: مصروف اهلاك | AO6: ايرادات | AQ6: راس المال | AS6: مسحوبات | AU6: حساب1 | AW6: حساب2
D7: مدين | E7: دائن | I7: مدين | J7: دائن | K7: مدين | L7: دائن | M7: مدين | N7: دائن | O7: مدين | P7: دائن | Q7: مدين | R7: دائن | S7: مدين | T7: دائن | U7: مدين | V7: دائن | W7: مدين | X7: دائن | Y7: مدين | Z7: دائن | AA7: مدين | AB7: دائن | AC7: مدين | AD7: دائن | AE7: مدين | AF7: دائن | AG7: مدين | AH7: دائن | AI7: مدين | AJ7: دائن | AK7: مدين | AL7: دائن | AM7: مدين | AN7: دائن | AO7: مدين | AP7: دائن | AQ7: مدين | AR7: دائن | AS7: مدين | AT7: دائن | AU7: مدين | AV7: دائن | AW7: مدين | AX7: دائن
D8: 500 | E8: =SUMIF($I$7:$AX$7,$J$7,I8:AX8) -> 0 | F8: =IF(D8=E8,"palance","unpalance") -> unpalance | G8: =IF(D8>E8,D8-E8,E8-D8) -> 500 | H8: =IF(D8>E8,"مدين اكبر",IF(E8>D8,"دائن اكبر","~")) -> مدين اكبر | AP8: 0
E9: =SUMIF($I$7:$AX$7,$J$7,I9:AX9) -> 0 | F9: =IF(D9=E9,"palance","unpalance") -> palance | G9: =IF(D9>E9,D9-E9,E9-D9) -> 0 | H9: =IF(D9>E9,"مدين اكبر",IF(E9>D9,"دائن اكبر","~")) -> ~ | AP9: 0
D10: =SUMIF($I$7:$AX$7,$I$7,I10:AX10) -> 0 | E10: =SUMIF($I$7:$AX$7,$J$7,I10:AX10) -> 0 | F10: =IF(D10=E10,"palance","unpalance") -> palance | G10: =IF(D10>E10,D10-E10,E10-D10) -> 0 | H10: =IF(D10>E10,"مدين اكبر",IF(E10>D10,"دائن اكبر","~")) -> ~
D11: =SUMIF($I$7:$AX$7,$I$7,I11:AX11) -> 0 | E11: =SUMIF($I$7:$AX$7,$J$7,I11:AX11) -> 0 | F11: =IF(D11=E11,"palance","unpalance") -> palance | G11: =IF(D11>E11,D11-E11,E11-D11) -> 0 | H11: =IF(D11>E11,"مدين اكبر",IF(E11>D11,"دائن اكبر","~")) -> ~
D12: =SUMIF($I$7:$AX$7,$I$7,I12:AX12) -> 0 | E12: =SUMIF($I$7:$AX$7,$J$7,I12:AX12) -> 0 | F12: =IF(D12=E12,"palance","unpalance") -> palance | G12: =IF(D12>E12,D12-E12,E12-D12) -> 0 | H12: =IF(D12>E12,"مدين اكبر",IF(E12>D12,"دائن اكبر","~")) -> ~
D13: =SUMIF($I$7:$AX$7,$I$7,I13:AX13) -> 0 | E13: =SUMIF($I$7:$AX$7,$J$7,I13:AX13) -> 0 | F13: =IF(D13=E13,"palance","unpalance") -> palance | G13: =IF(D13>E13,D13-E13,E13-D13) -> 0 | H13: =IF(D13>E13,"مدين اكبر",IF(E13>D13,"دائن اكبر","~")) -> ~
D14: =SUMIF($I$7:$AX$7,$I$7,I14:AX14) -> 0 | E14: =SUMIF($I$7:$AX$7,$J$7,I14:AX14) -> 0 | F14: =IF(D14=E14,"palance","unpalance") -> palance | G14: =IF(D14>E14,D14-E14,E14-D14) -> 0 | H14: =IF(D14>E14,"مدين اكبر",IF(E14>D14,"دائن اكبر","~")) -> ~
D15: =SUMIF($I$7:$AX$7,$I$7,I15:AX15) -> 0 | E15: =SUMIF($I$7:$AX$7,$J$7,I15:AX15) -> 0 | F15: =IF(D15=E15,"palance","unpalance") -> palance | G15: =IF(D15>E15,D15-E15,E15-D15) -> 0 | H15: =IF(D15>E15,"مدين اكبر",IF(E15>D15,"دائن اكبر","~")) -> ~
D16: =SUMIF($I$7:$AX$7,$I$7,I16:AX16) -> 0 | E16: =SUMIF($I$7:$AX$7,$J$7,I16:AX16) -> 0 | F16: =IF(D16=E16,"palance","unpalance") -> palance | G16: =IF(D16>E16,D16-E16,E16-D16) -> 0 | H16: =IF(D16>E16,"مدين اكبر",IF(E16>D16,"دائن اكبر","~")) -> ~
D17: =SUMIF($I$7:$AX$7,$I$7,I17:AX17) -> 0 | E17: =SUMIF($I$7:$AX$7,$J$7,I17:AX17) -> 0 | F17: =IF(D17=E17,"palance","unpalance") -> palance | G17: =IF(D17>E17,D17-E17,E17-D17) -> 0 | H17: =IF(D17>E17,"مدين اكبر",IF(E17>D17,"دائن اكبر","~")) -> ~
D18: =SUMIF($I$7:$AX$7,$I$7,I18:AX18) -> 0 | E18: =SUMIF($I$7:$AX$7,$J$7,I18:AX18) -> 0 | F18: =IF(D18=E18,"palance","unpalance") -> palance | G18: =IF(D18>E18,D18-E18,E18-D18) -> 0 | H18: =IF(D18>E18,"مدين اكبر",IF(E18>D18,"دائن اكبر","~")) -> ~
D19: =SUMIF($I$7:$AX$7,$I$7,I19:AX19) -> 0 | E19: =SUMIF($I$7:$AX$7,$J$7,I19:AX19) -> 0 | F19: =IF(D19=E19,"palance","unpalance") -> palance | G19: =IF(D19>E19,D19-E19,E19-D19) -> 0 | H19: =IF(D19>E19,"مدين اكبر",IF(E19>D19,"دائن اكبر","~")) -> ~
D20: =SUMIF($I$7:$AX$7,$I$7,I20:AX20) -> 0 | E20: =SUMIF($I$7:$AX$7,$J$7,I20:AX20) -> 0 | F20: =IF(D20=E20,"palance","unpalance") -> palance | G20: =IF(D20>E20,D20-E20,E20-D20) -> 0 | H20: =IF(D20>E20,"مدين اكبر",IF(E20>D20,"دائن اكبر","~")) -> ~
D21: =SUMIF($I$7:$AX$7,$I$7,I21:AX21) -> 0 | E21: =SUMIF($I$7:$AX$7,$J$7,I21:AX21) -> 0 | F21: =IF(D21=E21,"palance","unpalance") -> palance | G21: =IF(D21>E21,D21-E21,E21-D21) -> 0 | H21: =IF(D21>E21,"مدين اكبر",IF(E21>D21,"دائن اكبر","~")) -> ~
... D28: =SUMIF($I$7:$AX$7,$I$7,I28:AX28) -> 0 | E28: =SUMIF($I$7:$AX$7,$J$7,I28:AX28) -> 0 | F28: =IF(D28=E28,"palance","unpalance") -> palance | G28: =IF(D28>E28,D28-E28,E28-D28) -> 0 | H28: =IF(D28>E28,"مدين اكبر",IF(E28>D28,"دائن اكبر","~")) -> ~
A29: الاجمالي | F29: =IF(D29=E29,"palance","unpalance") -> palance | G29: =IF(D29>E29,D29-E29,E29-D29) -> 0 | H29: =IF(D29>E29,"مدين اكبر",IF(E29>D29,"دائن اكبر","~")) -> ~ | I29: =SUM(I8:I28) -> 0 | J29: =SUM(J8:J28) -> 0 | K29: =SUM(K8:K28) -> 0 | L29: =SUM(L8:L28) -> 0 | M29: =SUM(M8:M28) -> 0 | N29: =SUM(N8:N28) -> 0 | O29: =SUM(O8:O28) -> 0 | P29: =SUM(P8:P28) -> 0 | ... AX29: =SUM(AX8:AX28) -> 0

Sheet 5
A1: شركة المتحدة
A2: قسم الحسابات
A3: السنة المالية2021 | I3: =I29-J29+'4'!I3 -> 0 | K3: =K29-L29+'4'!K3 -> 0 | M3: =M29-N29+'4'!M3 -> 0 | O3: =O29-P29+'4'!O3 -> 0 | Q3: =Q29-R29+'4'!Q3 -> 0 | S3: =S29-T29+'4'!S3 -> 0 | U3: =U29-V29+'4'!U3 -> 0 | W3: =W29-X29+'4'!W3 -> 0 | Y3: =Y29-Z29+'4'!Y3 -> 0 | AA3: =AA29-AB29+'4'!AA3 -> 0 | AC3: =AC29-AD29+'4'!AC3 -> 0 | AE3: =AE29-AF29+'4'!AE3 -> 0 | AG3: =AG29-AH29+'4'!AG3 -> 0 | AI3: =AI29-AJ29+'4'!AI3 -> 0 | AK3: =AK29-AL29+'4'!AK3 -> 0 | AM3: =AM29-AN29+'4'!AM3 -> 0 | AO3: =AO29-AP29+'4'!AO3 -> 0 | AQ3: =AQ29-AR29+'4'!AQ3 -> 0 | AS3: =AS29-AT29+'4'!AS3 -> 0 | AU3: =AU29-AV29+'4'!AU3 -> 0 | AW3: =AW29-AX29+'4'!AW3 -> 0
A4: دليل الحسابات
A6: رقم القيد | B6: التاريخ | C6: البيان | D6: الاجمالي | F6: contorl | G6: الفرق | I6: النقدية | K6: بنك مصر | M6: مدينونTele | O6: Teachمدينون | Q6: ادوات كتابية | S6: السيارات | U6: مجمع اهلاك سيارات | W6: الاثاث | Y6: مجمع اهلاك الاثاث | AA6: مباني | AC6: معدات | AE6: الاراضي | AG6: دائنونGlobal | AI6: مصروف صيانة | AK6: رواتب واجور | AM6: مصروف اهلاك | AO6: ايرادات | AQ6: راس المال | AS6: مسحوبات | AU6: حساب1 | AW6: حساب2
D7: مدين | E7: دائن | I7: مدين | J7: دائن | K7: مدين | L7: دائن | M7: مدين | N7: دائن | O7: مدين | P7: دائن | Q7: مدين | R7: دائن | S7: مدين | T7: دائن | U7: مدين | V7: دائن | W7: مدين | X7: دائن | Y7: مدين | Z7: دائن | AA7: مدين | AB7: دائن | AC7: مدين | AD7: دائن | AE7: مدين | AF7: دائن | AG7: مدين | AH7: دائن | AI7: مدين | AJ7: دائن | AK7: مدين | AL7: دائن | AM7: مدين | AN7: دائن | AO7: مدين | AP7: دائن | AQ7: مدين | AR7: دائن | AS7: مدين | AT7: دائن | AU7: مدين | AV7: دائن | AW7: مدين | AX7: دائن
D8: 500 | E8: =SUMIF($I$7:$AX$7,$J$7,I8:AX8) -> 0 | F8: =IF(D8=E8,"palance","unpalance") -> unpalance | G8: =IF(D8>E8,D8-E8,E8-D8) -> 500 | H8: =IF(D8>E8,"مدين اكبر",IF(E8>D8,"دائن اكبر","~")) -> مدين اكبر | AP8: 0
D9: =SUMIF($I$7:$AX$7,$I$7,I9:AX9) -> 0 | E9: =SUMIF($I$7:$AX$7,$J$7,I9:AX9) -> 0 | F9: =IF(D9=E9,"palance","unpalance") -> palance | G9: =IF(D9>E9,D9-E9,E9-D9) -> 0 | H9: =IF(D9>E9,"مدين اكبر",IF(E9>D9,"دائن اكبر","~")) -> ~ | AP9: 0
D10: =SUMIF($I$7:$AX$7,$I$7,I10:AX10) -> 0 | E10: =SUMIF($I$7:$AX$7,$J$7,I10:AX10) -> 0 | F10: =IF(D10=E10,"palance","unpalance") -> palance | G10: =IF(D10>E10,D10-E10,E10-D10) -> 0 | H10: =IF(D10>E10,"مدين اكبر",IF(E10>D10,"دائن اكبر","~")) -> ~
D11: =SUMIF($I$7:$AX$7,$I$7,I11:AX11) -> 0 | E11: =SUMIF($I$7:$AX$7,$J$7,I11:AX11) -> 0 | F11: =IF(D11=E11,"palance","unpalance") -> palance | G11: =IF(D11>E11,D11-E11,E11-D11) -> 0 | H11: =IF(D11>E11,"مدين اكبر",IF(E11>D11,"دائن اكبر","~")) -> ~
D12: =SUMIF($I$7:$AX$7,$I$7,I12:AX12) -> 0 | E12: =SUMIF($I$7:$AX$7,$J$7,I12:AX12) -> 0 | F12: =IF(D12=E12,"palance","unpalance") -> palance | G12: =IF(D12>E12,D12-E12,E12-D12) -> 0 | H12: =IF(D12>E12,"مدين اكبر",IF(E12>D12,"دائن اكبر","~")) -> ~
D13: =SUMIF($I$7:$AX$7,$I$7,I13:AX13) -> 0 | E13: =SUMIF($I$7:$AX$7,$J$7,I13:AX13) -> 0 | F13: =IF(D13=E13,"palance","unpalance") -> palance | G13: =IF(D13>E13,D13-E13,E13-D13) -> 0 | H13: =IF(D13>E13,"مدين اكبر",IF(E13>D13,"دائن اكبر","~")) -> ~
D14: =SUMIF($I$7:$AX$7,$I$7,I14:AX14) -> 0 | E14: =SUMIF($I$7:$AX$7,$J$7,I14:AX14) -> 0 | F14: =IF(D14=E14,"palance","unpalance") -> palance | G14: =IF(D14>E14,D14-E14,E14-D14) -> 0 | H14: =IF(D14>E14,"مدين اكبر",IF(E14>D14,"دائن اكبر","~")) -> ~ | I14: 0
D15: =SUMIF($I$7:$AX$7,$I$7,I15:AX15) -> 0 | E15: =SUMIF($I$7:$AX$7,$J$7,I15:AX15) -> 0 | F15: =IF(D15=E15,"palance","unpalance") -> palance | G15: =IF(D15>E15,D15-E15,E15-D15) -> 0 | H15: =IF(D15>E15,"مدين اكبر",IF(E15>D15,"دائن اكبر","~")) -> ~
D16: =SUMIF($I$7:$AX$7,$I$7,I16:AX16) -> 0 | E16: =SUMIF($I$7:$AX$7,$J$7,I16:AX16) -> 0 | F16: =IF(D16=E16,"palance","unpalance") -> palance | G16: =IF(D16>E16,D16-E16,E16-D16) -> 0 | H16: =IF(D16>E16,"مدين اكبر",IF(E16>D16,"دائن اكبر","~")) -> ~
D17: =SUMIF($I$7:$AX$7,$I$7,I17:AX17) -> 0 | E17: =SUMIF($I$7:$AX$7,$J$7,I17:AX17) -> 0 | F17: =IF(D17=E17,"palance","unpalance") -> palance | G17: =IF(D17>E17,D17-E17,E17-D17) -> 0 | H17: =IF(D17>E17,"مدين اكبر",IF(E17>D17,"دائن اكبر","~")) -> ~
D18: =SUMIF($I$7:$AX$7,$I$7,I18:AX18) -> 0 | E18: =SUMIF($I$7:$AX$7,$J$7,I18:AX18) -> 0 | F18: =IF(D18=E18,"palance","unpalance") -> palance | G18: =IF(D18>E18,D18-E18,E18-D18) -> 0 | H18: =IF(D18>E18,"مدين اكبر",IF(E18>D18,"دائن اكبر","~")) -> ~
D19: =SUMIF($I$7:$AX$7,$I$7,I19:AX19) -> 0 | E19: =SUMIF($I$7:$AX$7,$J$7,I19:AX19) -> 0 | F19: =IF(D19=E19,"palance","unpalance") -> palance | G19: =IF(D19>E19,D19-E19,E19-D19) -> 0 | H19: =IF(D19>E19,"مدين اكبر",IF(E19>D19,"دائن اكبر","~")) -> ~
D20: =SUMIF($I$7:$AX$7,$I$7,I20:AX20) -> 0 | E20: =SUMIF($I$7:$AX$7,$J$7,I20:AX20) -> 0 | F20: =IF(D20=E20,"palance","unpalance") -> palance | G20: =IF(D20>E20,D20-E20,E20-D20) -> 0 | H20: =IF(D20>E20,"مدين اكبر",IF(E20>D20,"دائن اكبر","~")) -> ~
D21: =SUMIF($I$7:$AX$7,$I$7,I21:AX21) -> 0 | E21: =SUMIF($I$7:$AX$7,$J$7,I21:AX21) -> 0 | F21: =IF(D21=E21,"palance","unpalance") -> palance | G21: =IF(D21>E21,D21-E21,E21-D21) -> 0 | H21: =IF(D21>E21,"مدين اكبر",IF(E21>D21,"دائن اكبر","~")) -> ~
D22: =SUMIF($I$7:$AX$7,$I$7,I22:AX22) -> 0 | E22: =SUMIF($I$7:$AX$7,$J$7,I22:AX22) -> 0 | F22: =IF(D22=E22,"palance","unpalance") -> palance | G22: =IF(D22>E22,D22-E22,E22-D22) -> 0 | H22: =IF(D22>E22,"مدين اكبر",IF(E22>D22,"دائن اكبر","~")) -> ~
D23: =SUMIF($I$7:$AX$7,$I$7,I23:AX23) -> 0 | E23: =SUMIF($I$7:$AX$7,$J$7,I23:AX23) -> 0 | F23: =IF(D23=E23,"palance","unpalance") -> palance | G23: =IF(D23>E23,D23-E23,E23-D23) -> 0 | H23: =IF(D23>E23,"مدين اكبر",IF(E23>D23,"دائن اكبر","~")) -> ~
D24: =SUMIF($I$7:$AX$7,$I$7,I24:AX24) -> 0 | E24: =SUMIF($I$7:$AX$7,$J$7,I24:AX24) -> 0 | F24: =IF(D24=E24,"palance","unpalance") -> palance | G24: =IF(D24>E24,D24-E24,E24-D24) -> 0 | H24: =IF(D24>E24,"مدين اكبر",IF(E24>D24,"دائن اكبر","~")) -> ~
D25: =SUMIF($I$7:$AX$7,$I$7,I25:AX25) -> 0 | E25: =SUMIF($I$7:$AX$7,$J$7,I25:AX25) -> 0 | F25: =IF(D25=E25,"palance","unpalance") -> palance | G25: =IF(D25>E25,D25-E25,E25-D25) -> 0 | H25: =IF(D25>E25,"مدين اكبر",IF(E25>D25,"دائن اكبر","~")) -> ~
D26: =SUMIF($I$7:$AX$7,$I$7,I26:AX26) -> 0 | E26: =SUMIF($I$7:$AX$7,$J$7,I26:AX26) -> 0 | F26: =IF(D26=E26,"palance","unpalance") -> palance | G26: =IF(D26>E26,D26-E26,E26-D26) -> 0 | H26: =IF(D26>E26,"مدين اكبر",IF(E26>D26,"دائن اكبر","~")) -> ~
... D28: =SUMIF($I$7:$AX$7,$I$7,I28:AX28) -> 0 | E28: =SUMIF($I$7:$AX$7,$J$7,I28:AX28) -> 0 | F28: =IF(D28=E28,"palance","unpalance") -> palance | G28: =IF(D28>E28,D28-E28,E28-D28) -> 0 | H28: =IF(D28>E28,"مدين اكبر",IF(E28>D28,"دائن اكبر","~")) -> ~
A29: الاجمالي | F29: =IF(D29=E29,"palance","unpalance") -> palance | G29: =IF(D29>E29,D29-E29,E29-D29) -> 0 | H29: =IF(D29>E29,"مدين اكبر",IF(E29>D29,"دائن اكبر","~")) -> ~ | I29: =SUM(I8:I28) -> 0 | J29: =SUM(J8:J28) -> 0 | K29: =SUM(K8:K28) -> 0 | L29: =SUM(L8:L28) -> 0 | M29: =SUM(M8:M28) -> 0 | N29: =SUM(N8:N28) -> 0 | O29: =SUM(O8:O28) -> 0 | P29: =SUM(P8:P28) -> 0 | ... AX29: =SUM(AX8:AX28) -> 0

Sheet 6
A1: شركة المتحدة
A2: قسم الحسابات
A3: السنة المالية2021 | I3: =I29-J29+'5'!I3 -> 0 | K3: =K29-L29+'5'!K3 -> 0 | M3: =M29-N29+'5'!M3 -> 0 | O3: =O29-P29+'5'!O3 -> 0 | Q3: =Q29-R29+'5'!Q3 -> 0 | S3: =S29-T29+'5'!S3 -> 0 | U3: =U29-V29+'5'!U3 -> 0 | W3: =W29-X29+'5'!W3 -> 0 | Y3: =Y29-Z29+'5'!Y3 -> 0 | AA3: =AA29-AB29+'5'!AA3 -> 0 | AC3: =AC29-AD29+'5'!AC3 -> 0 | AE3: =AE29-AF29+'5'!AE3 -> 0 | AG3: =AG29-AH29+'5'!AG3 -> 0 | AI3: =AI29-AJ29+'5'!AI3 -> 0 | AK3: =AK29-AL29+'5'!AK3 -> 0 | AM3: =AM29-AN29+'5'!AM3 -> 0 | AO3: =AO29-AP29+'5'!AO3 -> 0 | AQ3: =AQ29-AR29+'5'!AQ3 -> 0 | AS3: =AS29-AT29+'5'!AS3 -> 0 | AU3: =AU29-AV29+'5'!AU3 -> 0 | AW3: =AW29-AX29+'5'!AW3 -> 0
A4: دليل الحسابات
A6: رقم القيد | B6: التاريخ | C6: البيان | D6: الاجمالي | F6: contorl | G6: الفرق | I6: النقدية | K6: بنك مصر | M6: مدينونTele | O6: Teachمدينون | Q6: ادوات كتابية | S6: السيارات | U6: مجمع اهلاك سيارات | W6: الاثاث | Y6: مجمع اهلاك الاثاث | AA6: مباني | AC6: معدات | AE6: الاراضي | AG6: دائنونGlobal | AI6: مصروف صيانة | AK6: رواتب واجور | AM6: مصروف اهلاك | AO6: ايرادات | AQ6: راس المال | AS6: مسحوبات | AU6: حساب1 | AW6: حساب2
D7: مدين | E7: دائن | I7: مدين | J7: دائن | K7: مدين | L7: دائن | M7: مدين | N7: دائن | O7: مدين | P7: دائن | Q7: مدين | R7: دائن | S7: مدين | T7: دائن | U7: مدين | V7: دائن | W7: مدين | X7: دائن | Y7: مدين | Z7: دائن | AA7: مدين | AB7: دائن | AC7: مدين | AD7: دائن | AE7: مدين | AF7: دائن | AG7: مدين | AH7: دائن | AI7: مدين | AJ7: دائن | AK7: مدين | AL7: دائن | AM7: مدين | AN7: دائن | AO7: مدين | AP7: دائن | AQ7: مدين | AR7: دائن | AS7: مدين | AT7: دائن | AU7: مدين | AV7: دائن | AW7: مدين | AX7: دائن
D8: 500 | E8: =SUMIF($I$7:$AX$7,$J$7,I8:AX8) -> 0 | F8: =IF(D8=E8,"palance","unpalance") -> unpalance | G8: =IF(D8>E8,D8-E8,E8-D8) -> 500 | H8: =IF(D8>E8,"مدين اكبر",IF(E8>D8,"دائن اكبر","~")) -> مدين اكبر | AP8: 0
D9: =SUMIF($I$7:$AX$7,$I$7,I9:AX9) -> 0 | E9: =SUMIF($I$7:$AX$7,$J$7,I9:AX9) -> 0 | F9: =IF(D9=E9,"palance","unpalance") -> palance | G9: =IF(D9>E9,D9-E9,E9-D9) -> 0 | H9: =IF(D9>E9,"مدين اكبر",IF(E9>D9,"دائن اكبر","~")) -> ~ | AP9: 0
D10: =SUMIF($I$7:$AX$7,$I$7,I10:AX10) -> 0 | E10: =SUMIF($I$7:$AX$7,$J$7,I10:AX10) -> 0 | F10: =IF(D10=E10,"palance","unpalance") -> palance | G10: =IF(D10>E10,D10-E10,E10-D10) -> 0 | H10: =IF(D10>E10,"مدين اكبر",IF(E10>D10,"دائن اكبر","~")) -> ~
D11: =SUMIF($I$7:$AX$7,$I$7,I11:AX11) -> 0 | E11: =SUMIF($I$7:$AX$7,$J$7,I11:AX11) -> 0 | F11: =IF(D11=E11,"palance","unpalance") -> palance | G11: =IF(D11>E11,D11-E11,E11-D11) -> 0 | H11: =IF(D11>E11,"مدين اكبر",IF(E11>D11,"دائن اكبر","~")) -> ~
D12: =SUMIF($I$7:$AX$7,$I$7,I12:AX12) -> 0 | E12: =SUMIF($I$7:$AX$7,$J$7,I12:AX12) -> 0 | F12: =IF(D12=E12,"palance","unpalance") -> palance | G12: =IF(D12>E12,D12-E12,E12-D12) -> 0 | H12: =IF(D12>E12,"مدين اكبر",IF(E12>D12,"دائن اكبر","~")) -> ~
D13: =SUMIF($I$7:$AX$7,$I$7,I13:AX13) -> 0 | E13: =SUMIF($I$7:$AX$7,$J$7,I13:AX13) -> 0 | F13: =IF(D13=E13,"palance","unpalance") -> palance | G13: =IF(D13>E13,D13-E13,E13-D13) -> 0 | H13: =IF(D13>E13,"مدين اكبر",IF(E13>D13,"دائن اكبر","~")) -> ~
D14: =SUMIF($I$7:$AX$7,$I$7,I14:AX14) -> 0 | E14: =SUMIF($I$7:$AX$7,$J$7,I14:AX14) -> 0 | F14: =IF(D14=E14,"palance","unpalance") -> palance | G14: =IF(D14>E14,D14-E14,E14-D14) -> 0 | H14: =IF(D14>E14,"مدين اكبر",IF(E14>D14,"دائن اكبر","~")) -> ~
D15: =SUMIF($I$7:$AX$7,$I$7,I15:AX15) -> 0 | E15: =SUMIF($I$7:$AX$7,$J$7,I15:AX15) -> 0 | F15: =IF(D15=E15,"palance","unpalance") -> palance | G15: =IF(D15>E15,D15-E15,E15-D15) -> 0 | H15: =IF(D15>E15,"مدين اكبر",IF(E15>D15,"دائن اكبر","~")) -> ~
D16: =SUMIF($I$7:$AX$7,$I$7,I16:AX16) -> 0 | E16: =SUMIF($I$7:$AX$7,$J$7,I16:AX16) -> 0 | F16: =IF(D16=E16,"palance","unpalance") -> palance | G16: =IF(D16>E16,D16-E16,E16-D16) -> 0 | H16: =IF(D16>E16,"مدين اكبر",IF(E16>D16,"دائن اكبر","~")) -> ~
D17: =SUMIF($I$7:$AX$7,$I$7,I17:AX17) -> 0 | E17: =SUMIF($I$7:$AX$7,$J$7,I17:AX17) -> 0 | F17: =IF(D17=E17,"palance","unpalance") -> palance | G17: =IF(D17>E17,D17-E17,E17-D17) -> 0 | H17: =IF(D17>E17,"مدين اكبر",IF(E17>D17,"دائن اكبر","~")) -> ~
D18: =SUMIF($I$7:$AX$7,$I$7,I18:AX18) -> 0 | E18: =SUMIF($I$7:$AX$7,$J$7,I18:AX18) -> 0 | F18: =IF(D18=E18,"palance","unpalance") -> palance | G18: =IF(D18>E18,D18-E18,E18-D18) -> 0 | H18: =IF(D18>E18,"مدين اكبر",IF(E18>D18,"دائن اكبر","~")) -> ~
D19: =SUMIF($I$7:$AX$7,$I$7,I19:AX19) -> 0 | E19: =SUMIF($I$7:$AX$7,$J$7,I19:AX19) -> 0 | F19: =IF(D19=E19,"palance","unpalance") -> palance | G19: =IF(D19>E19,D19-E19,E19-D19) -> 0 | H19: =IF(D19>E19,"مدين اكبر",IF(E19>D19,"دائن اكبر","~")) -> ~
D20: =SUMIF($I$7:$AX$7,$I$7,I20:AX20) -> 0 | E20: =SUMIF($I$7:$AX$7,$J$7,I20:AX20) -> 0 | F20: =IF(D20=E20,"palance","unpalance") -> palance | G20: =IF(D20>E20,D20-E20,E20-D20) -> 0 | H20: =IF(D20>E20,"مدين اكبر",IF(E20>D20,"دائن اكبر","~")) -> ~
D21: =SUMIF($I$7:$AX$7,$I$7,I21:AX21) -> 0 | E21: =SUMIF($I$7:$AX$7,$J$7,I21:AX21) -> 0 | F21: =IF(D21=E21,"palance","unpalance") -> palance | G21: =IF(D21>E21,D21-E21,E21-D21) -> 0 | H21: =IF(D21>E21,"مدين اكبر",IF(E21>D21,"دائن اكبر","~")) -> ~
... D28: =SUMIF($I$7:$AX$7,$I$7,I28:AX28) -> 0 | E28: =SUMIF($I$7:$AX$7,$J$7,I28:AX28) -> 0 | F28: =IF(D28=E28,"palance","unpalance") -> palance | G28: =IF(D28>E28,D28-E28,E28-D28) -> 0 | H28: =IF(D28>E28,"مدين اكبر",IF(E28>D28,"دائن اكبر","~")) -> ~
A29: الاجمالي | F29: =IF(D29=E29,"palance","unpalance") -> palance | G29: =IF(D29>E29,D29-E29,E29-D29) -> 0 | H29: =IF(D29>E29,"مدين اكبر",IF(E29>D29,"دائن اكبر","~")) -> ~ | I29: =SUM(I8:I28) -> 0 | J29: =SUM(J8:J28) -> 0 | K29: =SUM(K8:K28) -> 0 | L29: =SUM(L8:L28) -> 0 | M29: =SUM(M8:M28) -> 0 | N29: =SUM(N8:N28) -> 0 | O29: =SUM(O8:O28) -> 0 | P29: =SUM(P8:P28) -> 0 | ... AX29: =SUM(AX8:AX28) -> 0

Sheet 7
A1: شركة المتحدة
A2: قسم الحسابات
A3: السنة المالية2021 | I3: =I29-J29+'6'!I3 -> 0 | K3: =K29-L29+'6'!K3 -> 0 | M3: =M29-N29+'6'!M3 -> 0 | O3: =O29-P29+'6'!O3 -> 0 | Q3: =Q29-R29+'6'!Q3 -> 0 | S3: =S29-T29+'6'!S3 -> 0 | U3: =U29-V29+'6'!U3 -> 0 | W3: =W29-X29+'6'!W3 -> 0 | Y3: =Y29-Z29+'6'!Y3 -> 0 | AA3: =AA29-AB29+'6'!AA3 -> 0 | AC3: =AC29-AD29+'6'!AC3 -> 0 | AE3: =AE29-AF29+'6'!AE3 -> 0 | AG3: =AG29-AH29+'6'!AG3 -> 0 | AI3: =AI29-AJ29+'6'!AI3 -> 0 | AK3: =AK29-AL29+'6'!AK3 -> 0 | AM3: =AM29-AN29+'6'!AM3 -> 0 | AO3: =AO29-AP29+'6'!AO3 -> 0 | AQ3: =AQ29-AR29+'6'!AQ3 -> 0 | AS3: =AS29-AT29+'6'!AS3 -> 0 | AU3: =AU29-AV29+'6'!AU3 -> 0 | AW3: =AW29-AX29+'6'!AW3 -> 0
A4: دليل الحسابات
A6: رقم القيد | B6: التاريخ | C6: البيان | D6: الاجمالي | F6: contorl | G6: الفرق | I6: النقدية | K6: بنك مصر | M6: مدينونTele | O6: Teachمدينون | Q6: ادوات كتابية | S6: السيارات | U6: مجمع اهلاك سيارات | W6: الاثاث | Y6: مجمع اهلاك الاثاث | AA6: مباني | AC6: معدات | AE6: الاراضي | AG6: دائنونGlobal | AI6: مصروف صيانة | AK6: رواتب واجور | AM6: مصروف اهلاك | AO6: ايرادات | AQ6: راس المال | AS6: مسحوبات | AU6: حساب1 | AW6: حساب2
D7: مدين | E7: دائن | I7: مدين | J7: دائن | K7: مدين | L7: دائن | M7: مدين | N7: دائن | O7: مدين | P7: دائن | Q7: مدين | R7: دائن | S7: مدين | T7: دائن | U7: مدين | V7: دائن | W7: مدين | X7: دائن | Y7: مدين | Z7: دائن | AA7: مدين | AB7: دائن | AC7: مدين | AD7: دائن | AE7: مدين | AF7: دائن | AG7: مدين | AH7: دائن | AI7: مدين | AJ7: دائن | AK7: مدين | AL7: دائن | AM7: مدين | AN7: دائن | AO7: مدين | AP7: دائن | AQ7: مدين | AR7: دائن | AS7: مدين | AT7: دائن | AU7: مدين | AV7: دائن | AW7: مدين | AX7: دائن
D8: 500 | E8: =SUMIF($I$7:$AX$7,$J$7,I8:AX8) -> 0 | F8: =IF(D8=E8,"palance","unpalance") -> unpalance | G8: =IF(D8>E8,D8-E8,E8-D8) -> 500 | H8: =IF(D8>E8,"مدين اكبر",IF(E8>D8,"دائن اكبر","~")) -> مدين اكبر | AP8: 0
D9: =SUMIF($I$7:$AX$7,$I$7,I9:AX9) -> 0 | E9: =SUMIF($I$7:$AX$7,$J$7,I9:AX9) -> 0 | F9: =IF(D9=E9,"palance","unpalance") -> palance | G9: =IF(D9>E9,D9-E9,E9-D9) -> 0 | H9: =IF(D9>E9,"مدين اكبر",IF(E9>D9,"دائن اكبر","~")) -> ~ | AP9: 0
D10: =SUMIF($I$7:$AX$7,$I$7,I10:AX10) -> 0 | E10: =SUMIF($I$7:$AX$7,$J$7,I10:AX10) -> 0 | F10: =IF(D10=E10,"palance","unpalance") -> palance | G10: =IF(D10>E10,D10-E10,E10-D10) -> 0 | H10: =IF(D10>E10,"مدين اكبر",IF(E10>D10,"دائن اكبر","~")) -> ~
D11: =SUMIF($I$7:$AX$7,$I$7,I11:AX11) -> 0 | E11: =SUMIF($I$7:$AX$7,$J$7,I11:AX11) -> 0 | F11: =IF(D11=E11,"palance","unpalance") -> palance | G11: =IF(D11>E11,D11-E11,E11-D11) -> 0 | H11: =IF(D11>E11,"مدين اكبر",IF(E11>D11,"دائن اكبر","~")) -> ~
D12: =SUMIF($I$7:$AX$7,$I$7,I12:AX12) -> 0 | E12: =SUMIF($I$7:$AX$7,$J$7,I12:AX12) -> 0 | F12: =IF(D12=E12,"palance","unpalance") -> palance | G12: =IF(D12>E12,D12-E12,E12-D12) -> 0 | H12: =IF(D12>E12,"مدين اكبر",IF(E12>D12,"دائن اكبر","~")) -> ~
D13: =SUMIF($I$7:$AX$7,$I$7,I13:AX13) -> 0 | E13: =SUMIF($I$7:$AX$7,$J$7,I13:AX13) -> 0 | F13: =IF(D13=E13,"palance","unpalance") -> palance | G13: =IF(D13>E13,D13-E13,E13-D13) -> 0 | H13: =IF(D13>E13,"مدين اكبر",IF(E13>D13,"دائن اكبر","~")) -> ~
D14: =SUMIF($I$7:$AX$7,$I$7,I14:AX14) -> 0 | E14: =SUMIF($I$7:$AX$7,$J$7,I14:AX14) -> 0 | F14: =IF(D14=E14,"palance","unpalance") -> palance | G14: =IF(D14>E14,D14-E14,E14-D14) -> 0 | H14: =IF(D14>E14,"مدين اكبر",IF(E14>D14,"دائن اكبر","~")) -> ~
D15: =SUMIF($I$7:$AX$7,$I$7,I15:AX15) -> 0 | E15: =SUMIF($I$7:$AX$7,$J$7,I15:AX15) -> 0 | F15: =IF(D15=E15,"palance","unpalance") -> palance | G15: =IF(D15>E15,D15-E15,E15-D15) -> 0 | H15: =IF(D15>E15,"مدين اكبر",IF(E15>D15,"دائن اكبر","~")) -> ~
D16: =SUMIF($I$7:$AX$7,$I$7,I16:AX16) -> 0 | E16: =SUMIF($I$7:$AX$7,$J$7,I16:AX16) -> 0 | F16: =IF(D16=E16,"palance","unpalance") -> palance | G16: =IF(D16>E16,D16-E16,E16-D16) -> 0 | H16: =IF(D16>E16,"مدين اكبر",IF(E16>D16,"دائن اكبر","~")) -> ~
D17: =SUMIF($I$7:$AX$7,$I$7,I17:AX17) -> 0 | E17: =SUMIF($I$7:$AX$7,$J$7,I17:AX17) -> 0 | F17: =IF(D17=E17,"palance","unpalance") -> palance | G17: =IF(D17>E17,D17-E17,E17-D17) -> 0 | H17: =IF(D17>E17,"مدين اكبر",IF(E17>D17,"دائن اكبر","~")) -> ~
D18: =SUMIF($I$7:$AX$7,$I$7,I18:AX18) -> 0 | E18: =SUMIF($I$7:$AX$7,$J$7,I18:AX18) -> 0 | F18: =IF(D18=E18,"palance","unpalance") -> palance | G18: =IF(D18>E18,D18-E18,E18-D18) -> 0 | H18: =IF(D18>E18,"مدين اكبر",IF(E18>D18,"دائن اكبر","~")) -> ~
D19: =SUMIF($I$7:$AX$7,$I$7,I19:AX19) -> 0 | E19: =SUMIF($I$7:$AX$7,$J$7,I19:AX19) -> 0 | F19: =IF(D19=E19,"palance","unpalance") -> palance | G19: =IF(D19>E19,D19-E19,E19-D19) -> 0 | H19: =IF(D19>E19,"مدين اكبر",IF(E19>D19,"دائن اكبر","~")) -> ~
D20: =SUMIF($I$7:$AX$7,$I$7,I20:AX20) -> 0 | E20: =SUMIF($I$7:$AX$7,$J$7,I20:AX20) -> 0 | F20: =IF(D20=E20,"palance","unpalance") -> palance | G20: =IF(D20>E20,D20-E20,E20-D20) -> 0 | H20: =IF(D20>E20,"مدين اكبر",IF(E20>D20,"دائن اكبر","~")) -> ~
D21: =SUMIF($I$7:$AX$7,$I$7,I21:AX21) -> 0 | E21: =SUMIF($I$7:$AX$7,$J$7,I21:AX21) -> 0 | F21: =IF(D21=E21,"palance","unpalance") -> palance | G21: =IF(D21>E21,D21-E21,E21-D21) -> 0 | H21: =IF(D21>E21,"مدين اكبر",IF(E21>D21,"دائن اكبر","~")) -> ~
... D28: =SUMIF($I$7:$AX$7,$I$7,I28:AX28) -> 0 | E28: =SUMIF($I$7:$AX$7,$J$7,I28:AX28) -> 0 | F28: =IF(D28=E28,"palance","unpalance") -> palance | G28: =IF(D28>E28,D28-E28,E28-D28) -> 0 | H28: =IF(D28>E28,"مدين اكبر",IF(E28>D28,"دائن اكبر","~")) -> ~
A29: الاجمالي | F29: =IF(D29=E29,"palance","unpalance") -> palance | G29: =IF(D29>E29,D29-E29,E29-D29) -> 0 | H29: =IF(D29>E29,"مدين اكبر",IF(E29>D29,"دائن اكبر","~")) -> ~ | I29: =SUM(I8:I28) -> 0 | J29: =SUM(J8:J28) -> 0 | K29: =SUM(K8:K28) -> 0 | L29: =SUM(L8:L28) -> 0 | M29: =SUM(M8:M28) -> 0 | N29: =SUM(N8:N28) -> 0 | O29: =SUM(O8:O28) -> 0 | P29: =SUM(P8:P28) -> 0 | ... AX29: =SUM(AX8:AX28) -> 0

Sheet 8
A1: شركة المتحدة
A2: قسم الحسابات
A3: السنة المالية2021 | I3: =I29-J29+'7'!I3 -> 0 | K3: =K29-L29+'7'!K3 -> 0 | M3: =M29-N29+'7'!M3 -> 0 | O3: =O29-P29+'7'!O3 -> 0 | Q3: =Q29-R29+'7'!Q3 -> 0 | S3: =S29-T29+'7'!S3 -> 0 | U3: =U29-V29+'7'!U3 -> 0 | W3: =W29-X29+'7'!W3 -> 0 | Y3: =Y29-Z29+'7'!Y3 -> 0 | AA3: =AA29-AB29+'7'!AA3 -> 0 | AC3: =AC29-AD29+'7'!AC3 -> 0 | AE3: =AE29-AF29+'7'!AE3 -> 0 | AG3: =AG29-AH29+'7'!AG3 -> 0 | AI3: =AI29-AJ29+'7'!AI3 -> 0 | AK3: =AK29-AL29+'7'!AK3 -> 0 | AM3: =AM29-AN29+'7'!AM3 -> 0 | AO3: =AO29-AP29+'7'!AO3 -> 0 | AQ3: =AQ29-AR29+'7'!AQ3 -> 0 | AS3: =AS29-AT29+'7'!AS3 -> 0 | AU3: =AU29-AV29+'7'!AU3 -> 0 | AW3: =AW29-AX29+'7'!AW3 -> 0
A4: دليل الحسابات
A6: رقم القيد | B6: التاريخ | C6: البيان | D6: الاجمالي | F6: contorl | G6: الفرق | I6: النقدية | K6: بنك مصر | M6: مدينونTele | O6: Teachمدينون | Q6: ادوات كتابية | S6: السيارات | U6: مجمع اهلاك سيارات | W6: الاثاث | Y6: مجمع اهلاك الاثاث | AA6: مباني | AC6: معدات | AE6: الاراضي | AG6: دائنونGlobal | AI6: مصروف صيانة | AK6: رواتب واجور | AM6: مصروف اهلاك | AO6: ايرادات | AQ6: راس المال | AS6: مسحوبات | AU6: حساب1 | AW6: حساب2
D7: مدين | E7: دائن | I7: مدين | J7: دائن | K7: مدين | L7: دائن | M7: مدين | N7: دائن | O7: مدين | P7: دائن | Q7: مدين | R7: دائن | S7: مدين | T7: دائن | U7: مدين | V7: دائن | W7: مدين | X7: دائن | Y7: مدين | Z7: دائن | AA7: مدين | AB7: دائن | AC7: مدين | AD7: دائن | AE7: مدين | AF7: دائن | AG7: مدين | AH7: دائن | AI7: مدين | AJ7: دائن | AK7: مدين | AL7: دائن | AM7: مدين | AN7: دائن | AO7: مدين | AP7: دائن | AQ7: مدين | AR7: دائن | AS7: مدين | AT7: دائن | AU7: مدين | AV7: دائن | AW7: مدين | AX7: دائن
D8: 500 | E8: =SUMIF($I$7:$AX$7,$J$7,I8:AX8) -> 0 | F8: =IF(D8=E8,"palance","unpalance") -> unpalance | G8: =IF(D8>E8,D8-E8,E8-D8) -> 500 | H8: =IF(D8>E8,"مدين اكبر",IF(E8>D8,"دائن اكبر","~")) -> مدين اكبر | AP8: 0
D9: =SUMIF($I$7:$AX$7,$I$7,I9:AX9) -> 0 | E9: =SUMIF($I$7:$AX$7,$J$7,I9:AX9) -> 0 | F9: =IF(D9=E9,"palance","unpalance") -> palance | G9: =IF(D9>E9,D9-E9,E9-D9) -> 0 | H9: =IF(D9>E9,"مدين اكبر",IF(E9>D9,"دائن اكبر","~")) -> ~ | AP9: 0
D10: =SUMIF($I$7:$AX$7,$I$7,I10:AX10) -> 0 | E10: =SUMIF($I$7:$AX$7,$J$7,I10:AX10) -> 0 | F10: =IF(D10=E10,"palance","unpalance") -> palance | G10: =IF(D10>E10,D10-E10,E10-D10) -> 0 | H10: =IF(D10>E10,"مدين اكبر",IF(E10>D10,"دائن اكبر","~")) -> ~
D11: =SUMIF($I$7:$AX$7,$I$7,I11:AX11) -> 0 | E11: =SUMIF($I$7:$AX$7,$J$7,I11:AX11) -> 0 | F11: =IF(D11=E11,"palance","unpalance") -> palance | G11: =IF(D11>E11,D11-E11,E11-D11) -> 0 | H11: =IF(D11>E11,"مدين اكبر",IF(E11>D11,"دائن اكبر","~")) -> ~
D12: =SUMIF($I$7:$AX$7,$I$7,I12:AX12) -> 0 | E12: =SUMIF($I$7:$AX$7,$J$7,I12:AX12) -> 0 | F12: =IF(D12=E12,"palance","unpalance") -> palance | G12: =IF(D12>E12,D12-E12,E12-D12) -> 0 | H12: =IF(D12>E12,"مدين اكبر",IF(E12>D12,"دائن اكبر","~")) -> ~
D13: =SUMIF($I$7:$AX$7,$I$7,I13:AX13) -> 0 | E13: =SUMIF($I$7:$AX$7,$J$7,I13:AX13) -> 0 | F13: =IF(D13=E13,"palance","unpalance") -> palance | G13: =IF(D13>E13,D13-E13,E13-D13) -> 0 | H13: =IF(D13>E13,"مدين اكبر",IF(E13>D13,"دائن اكبر","~")) -> ~
D14: =SUMIF($I$7:$AX$7,$I$7,I14:AX14) -> 0 | E14: =SUMIF($I$7:$AX$7,$J$7,I14:AX14) -> 0 | F14: =IF(D14=E14,"palance","unpalance") -> palance | G14: =IF(D14>E14,D14-E14,E14-D14) -> 0 | H14: =IF(D14>E14,"مدين اكبر",IF(E14>D14,"دائن اكبر","~")) -> ~
D15: =SUMIF($I$7:$AX$7,$I$7,I15:AX15) -> 0 | E15: =SUMIF($I$7:$AX$7,$J$7,I15:AX15) -> 0 | F15: =IF(D15=E15,"palance","unpalance") -> palance | G15: =IF(D15>E15,D15-E15,E15-D15) -> 0 | H15: =IF(D15>E15,"مدين اكبر",IF(E15>D15,"دائن اكبر","~")) -> ~
D16: =SUMIF($I$7:$AX$7,$I$7,I16:AX16) -> 0 | E16: =SUMIF($I$7:$AX$7,$J$7,I16:AX16) -> 0 | F16: =IF(D16=E16,"palance","unpalance") -> palance | G16: =IF(D16>E16,D16-E16,E16-D16) -> 0 | H16: =IF(D16>E16,"مدين اكبر",IF(E16>D16,"دائن اكبر","~")) -> ~
D17: =SUMIF($I$7:$AX$7,$I$7,I17:AX17) -> 0 | E17: =SUMIF($I$7:$AX$7,$J$7,I17:AX17) -> 0 | F17: =IF(D17=E17,"palance","unpalance") -> palance | G17: =IF(D17>E17,D17-E17,E17-D17) -> 0 | H17: =IF(D17>E17,"مدين اكبر",IF(E17>D17,"دائن اكبر","~")) -> ~
D18: =SUMIF($I$7:$AX$7,$I$7,I18:AX18) -> 0 | E18: =SUMIF($I$7:$AX$7,$J$7,I18:AX18) -> 0 | F18: =IF(D18=E18,"palance","unpalance") -> palance | G18: =IF(D18>E18,D18-E18,E18-D18) -> 0 | H18: =IF(D18>E18,"مدين اكبر",IF(E18>D18,"دائن اكبر","~")) -> ~
D19: =SUMIF($I$7:$AX$7,$I$7,I19:AX19) -> 0 | E19: =SUMIF($I$7:$AX$7,$J$7,I19:AX19) -> 0 | F19: =IF(D19=E19,"palance","unpalance") -> palance | G19: =IF(D19>E19,D19-E19,E19-D19) -> 0 | H19: =IF(D19>E19,"مدين اكبر",IF(E19>D19,"دائن اكبر","~")) -> ~
D20: =SUMIF($I$7:$AX$7,$I$7,I20:AX20) -> 0 | E20: =SUMIF($I$7:$AX$7,$J$7,I20:AX20) -> 0 | F20: =IF(D20=E20,"palance","unpalance") -> palance | G20: =IF(D20>E20,D20-E20,E20-D20) -> 0 | H20: =IF(D20>E20,"مدين اكبر",IF(E20>D20,"دائن اكبر","~")) -> ~
D21: =SUMIF($I$7:$AX$7,$I$7,I21:AX21) -> 0 | E21: =SUMIF($I$7:$AX$7,$J$7,I21:AX21) -> 0 | F21: =IF(D21=E21,"palance","unpalance") -> palance | G21: =IF(D21>E21,D21-E21,E21-D21) -> 0 | H21: =IF(D21>E21,"مدين اكبر",IF(E21>D21,"دائن اكبر","~")) -> ~
... D28: =SUMIF($I$7:$AX$7,$I$7,I28:AX28) -> 0 | E28: =SUMIF($I$7:$AX$7,$J$7,I28:AX28) -> 0 | F28: =IF(D28=E28,"palance","unpalance") -> palance | G28: =IF(D28>E28,D28-E28,E28-D28) -> 0 | H28: =IF(D28>E28,"مدين اكبر",IF(E28>D28,"دائن اكبر","~")) -> ~
A29: الاجمالي | F29: =IF(D29=E29,"palance","unpalance") -> palance | G29: =IF(D29>E29,D29-E29,E29-D29) -> 0 | H29: =IF(D29>E29,"مدين اكبر",IF(E29>D29,"دائن اكبر","~")) -> ~ | I29: =SUM(I8:I28) -> 0 | J29: =SUM(J8:J28) -> 0 | K29: =SUM(K8:K28) -> 0 | L29: =SUM(L8:L28) -> 0 | M29: =SUM(M8:M28) -> 0 | N29: =SUM(N8:N28) -> 0 | O29: =SUM(O8:O28) -> 0 | P29: =SUM(P8:P28) -> 0 | ... AX29: =SUM(AX8:AX28) -> 0

Sheet 9
A1: شركة المتحدة
A2: قسم الحسابات
A3: السنة المالية2021 | I3: =I29-J29+'8'!I3 -> 0 | K3: =K29-L29+'8'!K3 -> 0 | M3: =M29-N29+'8'!M3 -> 0 | O3: =O29-P29+'8'!O3 -> 0 | Q3: =Q29-R29+'8'!Q3 -> 0 | S3: =S29-T29+'8'!S3 -> 0 | U3: =U29-V29+'8'!U3 -> 0 | W3: =W29-X29+'8'!W3 -> 0 | Y3: =Y29-Z29+'8'!Y3 -> 0 | AA3: =AA29-AB29+'8'!AA3 -> 0 | AC3: =AC29-AD29+'8'!AC3 -> 0 | AE3: =AE29-AF29+'8'!AE3 -> 0 | AG3: =AG29-AH29+'8'!AG3 -> 0 | AI3: =AI29-AJ29+'8'!AI3 -> 0 | AK3: =AK29-AL29+'8'!AK3 -> 0 | AM3: =AM29-AN29+'8'!AM3 -> 0 | AO3: =AO29-AP29+'8'!AO3 -> 0 | AQ3: =AQ29-AR29+'8'!AQ3 -> 0 | AS3: =AS29-AT29+'8'!AS3 -> 0 | AU3: =AU29-AV29+'8'!AU3 -> 0 | AW3: =AW29-AX29+'8'!AW3 -> 0
A4: دليل الحسابات
A6: رقم القيد | B6: التاريخ | C6: البيان | D6: الاجمالي | F6: contorl | G6: الفرق | I6: النقدية | K6: بنك مصر | M6: مدينونTele | O6: Teachمدينون | Q6: ادوات كتابية | S6: السيارات | U6: مجمع اهلاك سيارات | W6: الاثاث | Y6: مجمع اهلاك الاثاث | AA6: مباني | AC6: معدات | AE6: الاراضي | AG6: دائنونGlobal | AI6: مصروف صيانة | AK6: رواتب واجور | AM6: مصروف اهلاك | AO6: ايرادات | AQ6: راس المال | AS6: مسحوبات | AU6: حساب1 | AW6: حساب2
D7: مدين | E7: دائن | I7: مدين | J7: دائن | K7: مدين | L7: دائن | M7: مدين | N7: دائن | O7: مدين | P7: دائن | Q7: مدين | R7: دائن | S7: مدين | T7: دائن | U7: مدين | V7: دائن | W7: مدين | X7: دائن | Y7: مدين | Z7: دائن | AA7: مدين | AB7: دائن | AC7: مدين | AD7: دائن | AE7: مدين | AF7: دائن | AG7: مدين | AH7: دائن | AI7: مدين | AJ7: دائن | AK7: مدين | AL7: دائن | AM7: مدين | AN7: دائن | AO7: مدين | AP7: دائن | AQ7: مدين | AR7: دائن | AS7: مدين | AT7: دائن | AU7: مدين | AV7: دائن | AW7: مدين | AX7: دائن
D8: =SUMIF($I$7:$AX$7,$I$7,I8:AX8) -> 0 | E8: 0 | F8: =IF(D8=E8,"palance","unpalance") -> palance | G8: =IF(D8>E8,D8-E8,E8-D8) -> 0 | H8: =IF(D8>E8,"مدين اكبر",IF(E8>D8,"دائن اكبر","~")) -> ~ | I8: 0 | AP8: 0
D9: =SUMIF($I$7:$AX$7,$I$7,I9:AX9) -> 0 | E9: 0 | F9: =IF(D9=E9,"palance","unpalance") -> palance | G9: =IF(D9>E9,D9-E9,E9-D9) -> 0 | H9: =IF(D9>E9,"مدين اكبر",IF(E9>D9,"دائن اكبر","~")) -> ~ | AP9: 0
D10: =SUMIF($I$7:$AX$7,$I$7,I10:AX10) -> 0 | E10: =SUMIF($I$7:$AX$7,$J$7,I10:AX10) -> 0 | F10: =IF(D10=E10,"palance","unpalance") -> palance | G10: =IF(D10>E10,D10-E10,E10-D10) -> 0 | H10: =IF(D10>E10,"مدين اكبر",IF(E10>D10,"دائن اكبر","~")) -> ~
D11: =SUMIF($I$7:$AX$7,$I$7,I11:AX11) -> 0 | E11: =SUMIF($I$7:$AX$7,$J$7,I11:AX11) -> 0 | F11: =IF(D11=E11,"palance","unpalance") -> palance | G11: =IF(D11>E11,D11-E11,E11-D11) -> 0 | H11: =IF(D11>E11,"مدين اكبر",IF(E11>D11,"دائن اكبر","~")) -> ~
D12: =SUMIF($I$7:$AX$7,$I$7,I12:AX12) -> 0 | E12: =SUMIF($I$7:$AX$7,$J$7,I12:AX12) -> 0 | F12: =IF(D12=E12,"palance","unpalance") -> palance | G12: =IF(D12>E12,D12-E12,E12-D12) -> 0 | H12: =IF(D12>E12,"مدين اكبر",IF(E12>D12,"دائن اكبر","~")) -> ~
D13: =SUMIF($I$7:$AX$7,$I$7,I13:AX13) -> 0 | E13: =SUMIF($I$7:$AX$7,$J$7,I13:AX13) -> 0 | F13: =IF(D13=E13,"palance","unpalance") -> palance | G13: =IF(D13>E13,D13-E13,E13-D13) -> 0 | H13: =IF(D13>E13,"مدين اكبر",IF(E13>D13,"دائن اكبر","~")) -> ~
D14: =SUMIF($I$7:$AX$7,$I$7,I14:AX14) -> 0 | E14: =SUMIF($I$7:$AX$7,$J$7,I14:AX14) -> 0 | F14: =IF(D14=E14,"palance","unpalance") -> palance | G14: =IF(D14>E14,D14-E14,E14-D14) -> 0 | H14: =IF(D14>E14,"مدين اكبر",IF(E14>D14,"دائن اكبر","~")) -> ~
D15: =SUMIF($I$7:$AX$7,$I$7,I15:AX15) -> 0 | E15: =SUMIF($I$7:$AX$7,$J$7,I15:AX15) -> 0 | F15: =IF(D15=E15,"palance","unpalance") -> palance | G15: =IF(D15>E15,D15-E15,E15-D15) -> 0 | H15: =IF(D15>E15,"مدين اكبر",IF(E15>D15,"دائن اكبر","~")) -> ~
D16: =SUMIF($I$7:$AX$7,$I$7,I16:AX16) -> 0 | E16: =SUMIF($I$7:$AX$7,$J$7,I16:AX16) -> 0 | F16: =IF(D16=E16,"palance","unpalance") -> palance | G16: =IF(D16>E16,D16-E16,E16-D16) -> 0 | H16: =IF(D16>E16,"مدين اكبر",IF(E16>D16,"دائن اكبر","~")) -> ~
D17: =SUMIF($I$7:$AX$7,$I$7,I17:AX17) -> 0 | E17: =SUMIF($I$7:$AX$7,$J$7,I17:AX17) -> 0 | F17: =IF(D17=E17,"palance","unpalance") -> palance | G17: =IF(D17>E17,D17-E17,E17-D17) -> 0 | H17: =IF(D17>E17,"مدين اكبر",IF(E17>D17,"دائن اكبر","~")) -> ~
D18: =SUMIF($I$7:$AX$7,$I$7,I18:AX18) -> 0 | E18: =SUMIF($I$7:$AX$7,$J$7,I18:AX18) -> 0 | F18: =IF(D18=E18,"palance","unpalance") -> palance | G18: =IF(D18>E18,D18-E18,E18-D18) -> 0 | H18: =IF(D18>E18,"مدين اكبر",IF(E18>D18,"دائن اكبر","~")) -> ~
D19: =SUMIF($I$7:$AX$7,$I$7,I19:AX19) -> 0 | E19: =SUMIF($I$7:$AX$7,$J$7,I19:AX19) -> 0 | F19: =IF(D19=E19,"palance","unpalance") -> palance | G19: =IF(D19>E19,D19-E19,E19-D19) -> 0 | H19: =IF(D19>E19,"مدين اكبر",IF(E19>D19,"دائن اكبر","~")) -> ~
D20: =SUMIF($I$7:$AX$7,$I$7,I20:AX20) -> 0 | E20: =SUMIF($I$7:$AX$7,$J$7,I20:AX20) -> 0 | F20: =IF(D20=E20,"palance","unpalance") -> palance | G20: =IF(D20>E20,D20-E20,E20-D20) -> 0 | H20: =IF(D20>E20,"مدين اكبر",IF(E20>D20,"دائن اكبر","~")) -> ~
D21: =SUMIF($I$7:$AX$7,$I$7,I21:AX21) -> 0 | E21: =SUMIF($I$7:$AX$7,$J$7,I21:AX21) -> 0 | F21: =IF(D21=E21,"palance","unpalance") -> palance | G21: =IF(D21>E21,D21-E21,E21-D21) -> 0 | H21: =IF(D21>E21,"مدين اكبر",IF(E21>D21,"دائن اكبر","~")) -> ~
... D28: =SUMIF($I$7:$AX$7,$I$7,I28:AX28) -> 0 | E28: =SUMIF($I$7:$AX$7,$J$7,I28:AX28) -> 0 | F28: =IF(D28=E28,"palance","unpalance") -> palance | G28: =IF(D28>E28,D28-E28,E28-D28) -> 0 | H28: =IF(D28>E28,"مدين اكبر",IF(E28>D28,"دائن اكبر","~")) -> ~
A29: الاجمالي | F29: =IF(D29=E29,"palance","unpalance") -> palance | G29: =IF(D29>E29,D29-E29,E29-D29) -> 0 | H29: =IF(D29>E29,"مدين اكبر",IF(E29>D29,"دائن اكبر","~")) -> ~ | I29: =SUM(I8:I28) -> 0 | J29: =SUM(J8:J28) -> 0 | K29: =SUM(K8:K28) -> 0 | L29: =SUM(L8:L28) -> 0 | M29: =SUM(M8:M28) -> 0 | N29: =SUM(N8:N28) -> 0 | O29: =SUM(O8:O28) -> 0 | P29: =SUM(P8:P28) -> 0 | ... AX29: =SUM(AX8:AX28) -> 0

Sheet 10
A1: شركة المتحدة
A2: قسم الحسابات
A3: السنة المالية2021 | I3: =I29-J29+'9'!I3 -> 0 | K3: =K29-L29+'9'!K3 -> 0 | M3: =M29-N29+'9'!M3 -> 0 | O3: =O29-P29+'9'!O3 -> 0 | Q3: =Q29-R29+'9'!Q3 -> 0 | S3: =S29-T29+'9'!S3 -> 0 | U3: =U29-V29+'9'!U3 -> 0 | W3: =W29-X29+'9'!W3 -> 0 | Y3: =Y29-Z29+'9'!Y3 -> 0 | AA3: =AA29-AB29+'9'!AA3 -> 0 | AC3: =AC29-AD29+'9'!AC3 -> 0 | AE3: =AE29-AF29+'9'!AE3 -> 0 | AG3: =AG29-AH29+'9'!AG3 -> 0 | AI3: =AI29-AJ29+'9'!AI3 -> 0 | AK3: =AK29-AL29+'9'!AK3 -> 0 | AM3: =AM29-AN29+'9'!AM3 -> 0 | AO3: =AO29-AP29+'9'!AO3 -> 0 | AQ3: =AQ29-AR29+'9'!AQ3 -> 0 | AS3: =AS29-AT29+'9'!AS3 -> 0 | AU3: =AU29-AV29+'9'!AU3 -> 0 | AW3: =AW29-AX29+'9'!AW3 -> 0
A4: دليل الحسابات
A6: رقم القيد | B6: التاريخ | C6: البيان | D6: الاجمالي | F6: contorl | G6: الفرق | I6: النقدية | K6: بنك مصر | M6: مدينونTele | O6: Teachمدينون | Q6: ادوات كتابية | S6: السيارات | U6: مجمع اهلاك سيارات | W6: الاثاث | Y6: مجمع اهلاك الاثاث | AA6: مباني | AC6: معدات | AE6: الاراضي | AG6: دائنونGlobal | AI6: مصروف صيانة | AK6: رواتب واجور | AM6: مصروف اهلاك | AO6: ايرادات | AQ6: راس المال | AS6: مسحوبات | AU6: حساب1 | AW6: حساب2
D7: مدين | E7: دائن | I7: مدين | J7: دائن | K7: مدين | L7: دائن | M7: مدين | N7: دائن | O7: مدين | P7: دائن | Q7: مدين | R7: دائن | S7: مدين | T7: دائن | U7: مدين | V7: دائن | W7: مدين | X7: دائن | Y7: مدين | Z7: دائن | AA7: مدين | AB7: دائن | AC7: مدين | AD7: دائن | AE7: مدين | AF7: دائن | AG7: مدين | AH7: دائن | AI7: مدين | AJ7: دائن | AK7: مدين | AL7: دائن | AM7: مدين | AN7: دائن | AO7: مدين | AP7: دائن | AQ7: مدين | AR7: دائن | AS7: مدين | AT7: دائن | AU7: مدين | AV7: دائن | AW7: مدين | AX7: دائن
D8: 500 | E8: =SUMIF($I$7:$AX$7,$J$7,I8:AX8) -> 0 | F8: =IF(D8=E8,"palance","unpalance") -> unpalance | G8: =IF(D8>E8,D8-E8,E8-D8) -> 500 | H8: =IF(D8>E8,"مدين اكبر",IF(E8>D8,"دائن اكبر","~")) -> مدين اكبر | AP8: 0
D9: =SUMIF($I$7:$AX$7,$I$7,I9:AX9) -> 0 | E9: =SUMIF($I$7:$AX$7,$J$7,I9:AX9) -> 0 | F9: =IF(D9=E9,"palance","unpalance") -> palance | G9: =IF(D9>E9,D9-E9,E9-D9) -> 0 | H9: =IF(D9>E9,"مدين اكبر",IF(E9>D9,"دائن اكبر","~")) -> ~ | AP9: 0
D10: =SUMIF($I$7:$AX$7,$I$7,I10:AX10) -> 0 | E10: =SUMIF($I$7:$AX$7,$J$7,I10:AX10) -> 0 | F10: =IF(D10=E10,"palance","unpalance") -> palance | G10: =IF(D10>E10,D10-E10,E10-D10) -> 0 | H10: =IF(D10>E10,"مدين اكبر",IF(E10>D10,"دائن اكبر","~")) -> ~
D11: =SUMIF($I$7:$AX$7,$I$7,I11:AX11) -> 0 | E11: =SUMIF($I$7:$AX$7,$J$7,I11:AX11) -> 0 | F11: =IF(D11=E11,"palance","unpalance") -> palance | G11: =IF(D11>E11,D11-E11,E11-D11) -> 0 | H11: =IF(D11>E11,"مدين اكبر",IF(E11>D11,"دائن اكبر","~")) -> ~
D12: =SUMIF($I$7:$AX$7,$I$7,I12:AX12) -> 0 | E12: =SUMIF($I$7:$AX$7,$J$7,I12:AX12) -> 0 | F12: =IF(D12=E12,"palance","unpalance") -> palance | G12: =IF(D12>E12,D12-E12,E12-D12) -> 0 | H12: =IF(D12>E12,"مدين اكبر",IF(E12>D12,"دائن اكبر","~")) -> ~
D13: =SUMIF($I$7:$AX$7,$I$7,I13:AX13) -> 0 | E13: =SUMIF($I$7:$AX$7,$J$7,I13:AX13) -> 0 | F13: =IF(D13=E13,"palance","unpalance") -> palance | G13: =IF(D13>E13,D13-E13,E13-D13) -> 0 | H13: =IF(D13>E13,"مدين اكبر",IF(E13>D13,"دائن اكبر","~")) -> ~
D14: =SUMIF($I$7:$AX$7,$I$7,I14:AX14) -> 0 | E14: =SUMIF($I$7:$AX$7,$J$7,I14:AX14) -> 0 | F14: =IF(D14=E14,"palance","unpalance") -> palance | G14: =IF(D14>E14,D14-E14,E14-D14) -> 0 | H14: =IF(D14>E14,"مدين اكبر",IF(E14>D14,"دائن اكبر","~")) -> ~
D15: =SUMIF($I$7:$AX$7,$I$7,I15:AX15) -> 0 | E15: =SUMIF($I$7:$AX$7,$J$7,I15:AX15) -> 0 | F15: =IF(D15=E15,"palance","unpalance") -> palance | G15: =IF(D15>E15,D15-E15,E15-D15) -> 0 | H15: =IF(D15>E15,"مدين اكبر",IF(E15>D15,"دائن اكبر","~")) -> ~
D16: =SUMIF($I$7:$AX$7,$I$7,I16:AX16) -> 0 | E16: =SUMIF($I$7:$AX$7,$J$7,I16:AX16) -> 0 | F16: =IF(D16=E16,"palance","unpalance") -> palance | G16: =IF(D16>E16,D16-E16,E16-D16) -> 0 | H16: =IF(D16>E16,"مدين اكبر",IF(E16>D16,"دائن اكبر","~")) -> ~
D17: =SUMIF($I$7:$AX$7,$I$7,I17:AX17) -> 0 | E17: =SUMIF($I$7:$AX$7,$J$7,I17:AX17) -> 0 | F17: =IF(D17=E17,"palance","unpalance") -> palance | G17: =IF(D17>E17,D17-E17,E17-D17) -> 0 | H17: =IF(D17>E17,"مدين اكبر",IF(E17>D17,"دائن اكبر","~")) -> ~
D18: =SUMIF($I$7:$AX$7,$I$7,I18:AX18) -> 0 | E18: =SUMIF($I$7:$AX$7,$J$7,I18:AX18) -> 0 | F18: =IF(D18=E18,"palance","unpalance") -> palance | G18: =IF(D18>E18,D18-E18,E18-D18) -> 0 | H18: =IF(D18>E18,"مدين اكبر",IF(E18>D18,"دائن اكبر","~")) -> ~
D19: =SUMIF($I$7:$AX$7,$I$7,I19:AX19) -> 0 | E19: =SUMIF($I$7:$AX$7,$J$7,I19:AX19) -> 0 | F19: =IF(D19=E19,"palance","unpalance") -> palance | G19: =IF(D19>E19,D19-E19,E19-D19) -> 0 | H19: =IF(D19>E19,"مدين اكبر",IF(E19>D19,"دائن اكبر","~")) -> ~
D20: =SUMIF($I$7:$AX$7,$I$7,I20:AX20) -> 0 | E20: =SUMIF($I$7:$AX$7,$J$7,I20:AX20) -> 0 | F20: =IF(D20=E20,"palance","unpalance") -> palance | G20: =IF(D20>E20,D20-E20,E20-D20) -> 0 | H20: =IF(D20>E20,"مدين اكبر",IF(E20>D20,"دائن اكبر","~")) -> ~
D21: =SUMIF($I$7:$AX$7,$I$7,I21:AX21) -> 0 | E21: =SUMIF($I$7:$AX$7,$J$7,I21:AX21) -> 0 | F21: =IF(D21=E21,"palance","unpalance") -> palance | G21: =IF(D21>E21,D21-E21,E21-D21) -> 0 | H21: =IF(D21>E21,"مدين اكبر",IF(E21>D21,"دائن اكبر","~")) -> ~
... D28: =SUMIF($I$7:$AX$7,$I$7,I28:AX28) -> 0 | E28: =SUMIF($I$7:$AX$7,$J$7,I28:AX28) -> 0 | F28: =IF(D28=E28,"palance","unpalance") -> palance | G28: =IF(D28>E28,D28-E28,E28-D28) -> 0 | H28: =IF(D28>E28,"مدين اكبر",IF(E28>D28,"دائن اكبر","~")) -> ~
A29: الاجمالي | F29: =IF(D29=E29,"palance","unpalance") -> palance | G29: =IF(D29>E29,D29-E29,E29-D29) -> 0 | H29: =IF(D29>E29,"مدين اكبر",IF(E29>D29,"دائن اكبر","~")) -> ~ | I29: =SUM(I8:I28) -> 0 | J29: =SUM(J8:J28) -> 0 | K29: =SUM(K8:K28) -> 0 | L29: =SUM(L8:L28) -> 0 | M29: =SUM(M8:M28) -> 0 | N29: =SUM(N8:N28) -> 0 | O29: =SUM(O8:O28) -> 0 | P29: =SUM(P8:P28) -> 0 | ... AX29: =SUM(AX8:AX28) -> 0

Sheet 11
A1: شركة المتحدة
A2: قسم الحسابات
A3: السنة المالية2021 | I3: =I29-J29+'10'!I3 -> 0 | K3: =K29-L29+'10'!K3 -> 0 | M3: =M29-N29+'10'!M3 -> 0 | O3: =O29-P29+'10'!O3 -> 0 | Q3: =Q29-R29+'10'!Q3 -> 0 | S3: =S29-T29+'10'!S3 -> 0 | U3: =U29-V29+'10'!U3 -> 0 | W3: =W29-X29+'10'!W3 -> 0 | Y3: =Y29-Z29+'10'!Y3 -> 0 | AA3: =AA29-AB29+'10'!AA3 -> 0 | AC3: =AC29-AD29+'10'!AC3 -> 0 | AE3: =AE29-AF29+'10'!AE3 -> 0 | AG3: =AG29-AH29+'10'!AG3 -> 0 | AI3: =AI29-AJ29+'10'!AI3 -> 0 | AK3: =AK29-AL29+'10'!AK3 -> 0 | AM3: =AM29-AN29+'10'!AM3 -> 0 | AO3: =AO29-AP29+'10'!AO3 -> 0 | AQ3: =AQ29-AR29+'10'!AQ3 -> 0 | AS3: =AS29-AT29+'10'!AS3 -> 0 | AU3: =AU29-AV29+'10'!AU3 -> 0 | AW3: =AW29-AX29+'10'!AW3 -> 0
A4: دليل الحسابات
A6: رقم القيد | B6: التاريخ | C6: البيان | D6: الاجمالي | F6: contorl | G6: الفرق | I6: النقدية | K6: بنك مصر | M6: مدينونTele | O6: Teachمدينون | Q6: ادوات كتابية | S6: السيارات | U6: مجمع اهلاك سيارات | W6: الاثاث | Y6: مجمع اهلاك الاثاث | AA6: مباني | AC6: معدات | AE6: الاراضي | AG6: دائنونGlobal | AI6: مصروف صيانة | AK6: رواتب واجور | AM6: مصروف اهلاك | AO6: ايرادات | AQ6: راس المال | AS6: مسحوبات | AU6: حساب1 | AW6: حساب2
D7: مدين | E7: دائن | I7: مدين | J7: دائن | K7: مدين | L7: دائن | M7: مدين | N7: دائن | O7: مدين | P7: دائن | Q7: مدين | R7: دائن | S7: مدين | T7: دائن | U7: مدين | V7: دائن | W7: مدين | X7: دائن | Y7: مدين | Z7: دائن | AA7: مدين | AB7: دائن | AC7: مدين | AD7: دائن | AE7: مدين | AF7: دائن | AG7: مدين | AH7: دائن | AI7: مدين | AJ7: دائن | AK7: مدين | AL7: دائن | AM7: مدين | AN7: دائن | AO7: مدين | AP7: دائن | AQ7: مدين | AR7: دائن | AS7: مدين | AT7: دائن | AU7: مدين | AV7: دائن | AW7: مدين | AX7: دائن
D8: 500 | E8: =SUMIF($I$7:$AX$7,$J$7,I8:AX8) -> 0 | F8: =IF(D8=E8,"palance","unpalance") -> unpalance | G8: =IF(D8>E8,D8-E8,E8-D8) -> 500 | H8: =IF(D8>E8,"مدين اكبر",IF(E8>D8,"دائن اكبر","~")) -> مدين اكبر | AP8: 0
D9: =SUMIF($I$7:$AX$7,$I$7,I9:AX9) -> 0 | E9: =SUMIF($I$7:$AX$7,$J$7,I9:AX9) -> 0 | F9: =IF(D9=E9,"palance","unpalance") -> palance | G9: =IF(D9>E9,D9-E9,E9-D9) -> 0 | H9: =IF(D9>E9,"مدين اكبر",IF(E9>D9,"دائن اكبر","~")) -> ~ | AP9: 0
D10: =SUMIF($I$7:$AX$7,$I$7,I10:AX10) -> 0 | E10: =SUMIF($I$7:$AX$7,$J$7,I10:AX10) -> 0 | F10: =IF(D10=E10,"palance","unpalance") -> palance | G10: =IF(D10>E10,D10-E10,E10-D10) -> 0 | H10: =IF(D10>E10,"مدين اكبر",IF(E10>D10,"دائن اكبر","~")) -> ~
D11: =SUMIF($I$7:$AX$7,$I$7,I11:AX11) -> 0 | E11: =SUMIF($I$7:$AX$7,$J$7,I11:AX11) -> 0 | F11: =IF(D11=E11,"palance","unpalance") -> palance | G11: =IF(D11>E11,D11-E11,E11-D11) -> 0 | H11: =IF(D11>E11,"مدين اكبر",IF(E11>D11,"دائن اكبر","~")) -> ~
D12: =SUMIF($I$7:$AX$7,$I$7,I12:AX12) -> 0 | E12: =SUMIF($I$7:$AX$7,$J$7,I12:AX12) -> 0 | F12: =IF(D12=E12,"palance","unpalance") -> palance | G12: =IF(D12>E12,D12-E12,E12-D12) -> 0 | H12: =IF(D12>E12,"مدين اكبر",IF(E12>D12,"دائن اكبر","~")) -> ~
D13: =SUMIF($I$7:$AX$7,$I$7,I13:AX13) -> 0 | E13: =SUMIF($I$7:$AX$7,$J$7,I13:AX13) -> 0 | F13: =IF(D13=E13,"palance","unpalance") -> palance | G13: =IF(D13>E13,D13-E13,E13-D13) -> 0 | H13: =IF(D13>E13,"مدين اكبر",IF(E13>D13,"دائن اكبر","~")) -> ~
D14: =SUMIF($I$7:$AX$7,$I$7,I14:AX14) -> 0 | E14: =SUMIF($I$7:$AX$7,$J$7,I14:AX14) -> 0 | F14: =IF(D14=E14,"palance","unpalance") -> palance | G14: =IF(D14>E14,D14-E14,E14-D14) -> 0 | H14: =IF(D14>E14,"مدين اكبر",IF(E14>D14,"دائن اكبر","~")) -> ~
D15: =SUMIF($I$7:$AX$7,$I$7,I15:AX15) -> 0 | E15: =SUMIF($I$7:$AX$7,$J$7,I15:AX15) -> 0 | F15: =IF(D15=E15,"palance","unpalance") -> palance | G15: =IF(D15>E15,D15-E15,E15-D15) -> 0 | H15: =IF(D15>E15,"مدين اكبر",IF(E15>D15,"دائن اكبر","~")) -> ~
D16: =SUMIF($I$7:$AX$7,$I$7,I16:AX16) -> 0 | E16: =SUMIF($I$7:$AX$7,$J$7,I16:AX16) -> 0 | F16: =IF(D16=E16,"palance","unpalance") -> palance | G16: =IF(D16>E16,D16-E16,E16-D16) -> 0 | H16: =IF(D16>E16,"مدين اكبر",IF(E16>D16,"دائن اكبر","~")) -> ~
D17: =SUMIF($I$7:$AX$7,$I$7,I17:AX17) -> 0 | E17: =SUMIF($I$7:$AX$7,$J$7,I17:AX17) -> 0 | F17: =IF(D17=E17,"palance","unpalance") -> palance | G17: =IF(D17>E17,D17-E17,E17-D17) -> 0 | H17: =IF(D17>E17,"مدين اكبر",IF(E17>D17,"دائن اكبر","~")) -> ~
D18: =SUMIF($I$7:$AX$7,$I$7,I18:AX18) -> 0 | E18: =SUMIF($I$7:$AX$7,$J$7,I18:AX18) -> 0 | F18: =IF(D18=E18,"palance","unpalance") -> palance | G18: =IF(D18>E18,D18-E18,E18-D18) -> 0 | H18: =IF(D18>E18,"مدين اكبر",IF(E18>D18,"دائن اكبر","~")) -> ~
D19: =SUMIF($I$7:$AX$7,$I$7,I19:AX19) -> 0 | E19: =SUMIF($I$7:$AX$7,$J$7,I19:AX19) -> 0 | F19: =IF(D19=E19,"palance","unpalance") -> palance | G19: =IF(D19>E19,D19-E19,E19-D19) -> 0 | H19: =IF(D19>E19,"مدين اكبر",IF(E19>D19,"دائن اكبر","~")) -> ~
D20: =SUMIF($I$7:$AX$7,$I$7,I20:AX20) -> 0 | E20: =SUMIF($I$7:$AX$7,$J$7,I20:AX20) -> 0 | F20: =IF(D20=E20,"palance","unpalance") -> palance | G20: =IF(D20>E20,D20-E20,E20-D20) -> 0 | H20: =IF(D20>E20,"مدين اكبر",IF(E20>D20,"دائن اكبر","~")) -> ~
D21: =SUMIF($I$7:$AX$7,$I$7,I21:AX21) -> 0 | E21: =SUMIF($I$7:$AX$7,$J$7,I21:AX21) -> 0 | F21: =IF(D21=E21,"palance","unpalance") -> palance | G21: =IF(D21>E21,D21-E21,E21-D21) -> 0 | H21: =IF(D21>E21,"مدين اكبر",IF(E21>D21,"دائن اكبر","~")) -> ~
... D28: =SUMIF($I$7:$AX$7,$I$7,I28:AX28) -> 0 | E28: =SUMIF($I$7:$AX$7,$J$7,I28:AX28) -> 0 | F28: =IF(D28=E28,"palance","unpalance") -> palance | G28: =IF(D28>E28,D28-E28,E28-D28) -> 0 | H28: =IF(D28>E28,"مدين اكبر",IF(E28>D28,"دائن اكبر","~")) -> ~
A29: الاجمالي | F29: =IF(D29=E29,"palance","unpalance") -> palance | G29: =IF(D29>E29,D29-E29,E29-D29) -> 0 | H29: =IF(D29>E29,"مدين اكبر",IF(E29>D29,"دائن اكبر","~")) -> ~ | I29: =SUM(I8:I28) -> 0 | J29: =SUM(J8:J28) -> 0 | K29: =SUM(K8:K28) -> 0 | L29: =SUM(L8:L28) -> 0 | M29: =SUM(M8:M28) -> 0 | N29: =SUM(N8:N28) -> 0 | O29: =SUM(O8:O28) -> 0 | P29: =SUM(P8:P28) -> 0 | ... AX29: =SUM(AX8:AX28) -> 0

Sheet 12
A1: شركة المتحدة
A2: قسم الحسابات
A3: السنة المالية2021 | I3: =I29-J29+'11'!I3 -> 0 | K3: =K29-L29+'11'!K3 -> 0 | M3: =M29-N29+'11'!M3 -> 0 | O3: =O29-P29+'11'!O3 -> 0 | Q3: =Q29-R29+'11'!Q3 -> 0 | S3: =S29-T29+'11'!S3 -> 0 | U3: =U29-V29+'11'!U3 -> 0 | W3: =W29-X29+'11'!W3 -> 0 | Y3: =Y29-Z29+'11'!Y3 -> 0 | AA3: =AA29-AB29+'11'!AA3 -> 0 | AC3: =AC29-AD29+'11'!AC3 -> 0 | AE3: =AE29-AF29+'11'!AE3 -> 0 | AG3: =AG29-AH29+'11'!AG3 -> 0 | AI3: =AI29-AJ29+'11'!AI3 -> 0 | AK3: =AK29-AL29+'11'!AK3 -> 0 | AM3: =AM29-AN29+'11'!AM3 -> 0 | AO3: =AO29-AP29+'11'!AO3 -> 0 | AQ3: =AQ29-AR29+'11'!AQ3 -> 0 | AS3: =AS29-AT29+'11'!AS3 -> 0 | AU3: =AU29-AV29+'11'!AU3 -> 0 | AW3: =AW29-AX29+'11'!AW3 -> 0
A4: دليل الحسابات
A6: رقم القيد | B6: التاريخ | C6: البيان | D6: الاجمالي | F6: contorl | G6: الفرق | I6: النقدية | K6: بنك مصر | M6: مدينونTele | O6: Teachمدينون | Q6: ادوات كتابية | S6: السيارات | U6: مجمع اهلاك سيارات | W6: الاثاث | Y6: مجمع اهلاك الاثاث | AA6: مباني | AC6: معدات | AE6: الاراضي | AG6: دائنونGlobal | AI6: مصروف صيانة | AK6: رواتب واجور | AM6: مصروف اهلاك | AO6: ايرادات | AQ6: راس المال | AS6: مسحوبات | AU6: حساب1 | AW6: حساب2
D7: مدين | E7: دائن | I7: مدين | J7: دائن | K7: مدين | L7: دائن | M7: مدين | N7: دائن | O7: مدين | P7: دائن | Q7: مدين | R7: دائن | S7: مدين | T7: دائن | U7: مدين | V7: دائن | W7: مدين | X7: دائن | Y7: مدين | Z7: دائن | AA7: مدين | AB7: دائن | AC7: مدين | AD7: دائن | AE7: مدين | AF7: دائن | AG7: مدين | AH7: دائن | AI7: مدين | AJ7: دائن | AK7: مدين | AL7: دائن | AM7: مدين | AN7: دائن | AO7: مدين | AP7: دائن | AQ7: مدين | AR7: دائن | AS7: مدين | AT7: دائن | AU7: مدين | AV7: دائن | AW7: مدين | AX7: دائن
D8: 0 | E8: =SUMIF($I$7:$AX$7,$J$7,I8:AX8) -> 0 | F8: =IF(D8=E8,"palance","unpalance") -> palance | G8: =IF(D8>E8,D8-E8,E8-D8) -> 0 | H8: =IF(D8>E8,"مدين اكبر",IF(E8>D8,"دائن اكبر","~")) -> ~
D9: 0 | E9: 0 | F9: =IF(D9=E9,"palance","unpalance") -> palance | G9: =IF(D9>E9,D9-E9,E9-D9) -> 0 | H9: =IF(D9>E9,"مدين اكبر",IF(E9>D9,"دائن اكبر","~")) -> ~ | AS9: 0
D10: =SUMIF($I$7:$AX$7,$I$7,I10:AX10) -> 0 | E10: =SUMIF($I$7:$AX$7,$J$7,I10:AX10) -> 0 | F10: =IF(D10=E10,"palance","unpalance") -> palance | G10: =IF(D10>E10,D10-E10,E10-D10) -> 0 | H10: =IF(D10>E10,"مدين اكبر",IF(E10>D10,"دائن اكبر","~")) -> ~
D11: =SUMIF($I$7:$AX$7,$I$7,I11:AX11) -> 0 | E11: =SUMIF($I$7:$AX$7,$J$7,I11:AX11) -> 0 | F11: =IF(D11=E11,"palance","unpalance") -> palance | G11: =IF(D11>E11,D11-E11,E11-D11) -> 0 | H11: =IF(D11>E11,"مدين اكبر",IF(E11>D11,"دائن اكبر","~")) -> ~
D12: =SUMIF($I$7:$AX$7,$I$7,I12:AX12) -> 0 | E12: =SUMIF($I$7:$AX$7,$J$7,I12:AX12) -> 0 | F12: =IF(D12=E12,"palance","unpalance") -> palance | G12: =IF(D12>E12,D12-E12,E12-D12) -> 0 | H12: =IF(D12>E12,"مدين اكبر",IF(E12>D12,"دائن اكبر","~")) -> ~
D13: =SUMIF($I$7:$AX$7,$I$7,I13:AX13) -> 0 | E13: =SUMIF($I$7:$AX$7,$J$7,I13:AX13) -> 0 | F13: =IF(D13=E13,"palance","unpalance") -> palance | G13: =IF(D13>E13,D13-E13,E13-D13) -> 0 | H13: =IF(D13>E13,"مدين اكبر",IF(E13>D13,"دائن اكبر","~")) -> ~
D14: =SUMIF($I$7:$AX$7,$I$7,I14:AX14) -> 0 | E14: =SUMIF($I$7:$AX$7,$J$7,I14:AX14) -> 0 | F14: =IF(D14=E14,"palance","unpalance") -> palance | G14: =IF(D14>E14,D14-E14,E14-D14) -> 0 | H14: =IF(D14>E14,"مدين اكبر",IF(E14>D14,"دائن اكبر","~")) -> ~
D15: =SUMIF($I$7:$AX$7,$I$7,I15:AX15) -> 0 | E15: =SUMIF($I$7:$AX$7,$J$7,I15:AX15) -> 0 | F15: =IF(D15=E15,"palance","unpalance") -> palance | G15: =IF(D15>E15,D15-E15,E15-D15) -> 0 | H15: =IF(D15>E15,"مدين اكبر",IF(E15>D15,"دائن اكبر","~")) -> ~
D16: =SUMIF($I$7:$AX$7,$I$7,I16:AX16) -> 0 | E16: =SUMIF($I$7:$AX$7,$J$7,I16:AX16) -> 0 | F16: =IF(D16=E16,"palance","unpalance") -> palance | G16: =IF(D16>E16,D16-E16,E16-D16) -> 0 | H16: =IF(D16>E16,"مدين اكبر",IF(E16>D16,"دائن اكبر","~")) -> ~
D17: =SUMIF($I$7:$AX$7,$I$7,I17:AX17) -> 0 | E17: =SUMIF($I$7:$AX$7,$J$7,I17:AX17) -> 0 | F17: =IF(D17=E17,"palance","unpalance") -> palance | G17: =IF(D17>E17,D17-E17,E17-D17) -> 0 | H17: =IF(D17>E17,"مدين اكبر",IF(E17>D17,"دائن اكبر","~")) -> ~
D18: =SUMIF($I$7:$AX$7,$I$7,I18:AX18) -> 0 | E18: =SUMIF($I$7:$AX$7,$J$7,I18:AX18) -> 0 | F18: =IF(D18=E18,"palance","unpalance") -> palance | G18: =IF(D18>E18,D18-E18,E18-D18) -> 0 | H18: =IF(D18>E18,"مدين اكبر",IF(E18>D18,"دائن اكبر","~")) -> ~
D19: =SUMIF($I$7:$AX$7,$I$7,I19:AX19) -> 0 | E19: =SUMIF($I$7:$AX$7,$J$7,I19:AX19) -> 0 | F19: =IF(D19=E19,"palance","unpalance") -> palance | G19: =IF(D19>E19,D19-E19,E19-D19) -> 0 | H19: =IF(D19>E19,"مدين اكبر",IF(E19>D19,"دائن اكبر","~")) -> ~
D20: =SUMIF($I$7:$AX$7,$I$7,I20:AX20) -> 0 | E20: =SUMIF($I$7:$AX$7,$J$7,I20:AX20) -> 0 | F20: =IF(D20=E20,"palance","unpalance") -> palance | G20: =IF(D20>E20,D20-E20,E20-D20) -> 0 | H20: =IF(D20>E20,"مدين اكبر",IF(E20>D20,"دائن اكبر","~")) -> ~
D21: =SUMIF($I$7:$AX$7,$I$7,I21:AX21) -> 0 | E21: =SUMIF($I$7:$AX$7,$J$7,I21:AX21) -> 0 | F21: =IF(D21=E21,"palance","unpalance") -> palance | G21: =IF(D21>E21,D21-E21,E21-D21) -> 0 | H21: =IF(D21>E21,"مدين اكبر",IF(E21>D21,"دائن اكبر","~")) -> ~
... D28: =SUMIF($I$7:$AX$7,$I$7,I28:AX28) -> 0 | E28: =SUMIF($I$7:$AX$7,$J$7,I28:AX28) -> 0 | F28: =IF(D28=E28,"palance","unpalance") -> palance | G28: =IF(D28>E28,D28-E28,E28-D28) -> 0 | H28: =IF(D28>E28,"مدين اكبر",IF(E28>D28,"دائن اكبر","~")) -> ~
A29: الاجمالي | F29: =IF(D29=E29,"palance","unpalance") -> palance | G29: =IF(D29>E29,D29-E29,E29-D29) -> 0 | H29: =IF(D29>E29,"مدين اكبر",IF(E29>D29,"دائن اكبر","~")) -> ~ | I29: =SUM(I8:I28) -> 0 | J29: =SUM(J8:J28) -> 0 | K29: =SUM(K8:K28) -> 0 | L29: =SUM(L8:L28) -> 0 | M29: =SUM(M8:M28) -> 0 | N29: =SUM(N8:N28) -> 0 | O29: =SUM(O8:O28) -> 0 | P29: =SUM(P8:P28) -> 0 | ... AX29: =SUM(AX8:AX28) -> 0

Sheet 13
A1: شركة المتحدة
A2: قسم الحسابات
A3: السنة المالية2021 | I3: =I29-J29+'12'!I3 -> 0 | K3: =K29-L29+'12'!K3 -> 0 | M3: =M29-N29+'12'!M3 -> 0 | O3: =O29-P29+'12'!O3 -> 0 | Q3: =Q29-R29+'12'!Q3 -> 0 | S3: =S29-T29+'12'!S3 -> 0 | U3: =U29-V29+'12'!U3 -> 0 | W3: =W29-X29+'12'!W3 -> 0 | Y3: =Y29-Z29+'12'!Y3 -> 0 | AA3: =AA29-AB29+'12'!AA3 -> 0 | AC3: =AC29-AD29+'12'!AC3 -> 0 | AE3: =AE29-AF29+'12'!AE3 -> 0 | AG3: =AG29-AH29+'12'!AG3 -> 0 | AI3: =AI29-AJ29+'12'!AI3 -> 0 | AK3: =AK29-AL29+'12'!AK3 -> 0 | AM3: =AM29-AN29+'12'!AM3 -> 0 | AO3: =AO29-AP29+'12'!AO3 -> 0 | AQ3: =AQ29-AR29+'12'!AQ3 -> 0 | AS3: =AS29-AT29+'12'!AS3 -> 0 | AU3: =AU29-AV29+'12'!AU3 -> 0 | AW3: =AW29-AX29+'12'!AW3 -> 0
A4: دليل الحسابات
A6: رقم القيد | B6: التاريخ | C6: البيان | D6: الاجمالي | F6: contorl | G6: الفرق | I6: النقدية | K6: بنك مصر | M6: مدينونTele | O6: Teachمدينون | Q6: ادوات كتابية | S6: السيارات | U6: مجمع اهلاك سيارات | W6: الاثاث | Y6: مجمع اهلاك الاثاث | AA6: مباني | AC6: معدات | AE6: الاراضي | AG6: دائنونGlobal | AI6: مصروف صيانة | AK6: رواتب واجور | AM6: مصروف اهلاك | AO6: ايرادات | AQ6: راس المال | AS6: مسحوبات | AU6: حساب1 | AW6: حساب2
D7: مدين | E7: دائن | I7: مدين | J7: دائن | K7: مدين | L7: دائن | M7: مدين | N7: دائن | O7: مدين | P7: دائن | Q7: مدين | R7: دائن | S7: مدين | T7: دائن | U7: مدين | V7: دائن | W7: مدين | X7: دائن | Y7: مدين | Z7: دائن | AA7: مدين | AB7: دائن | AC7: مدين | AD7: دائن | AE7: مدين | AF7: دائن | AG7: مدين | AH7: دائن | AI7: مدين | AJ7: دائن | AK7: مدين | AL7: دائن | AM7: مدين | AN7: دائن | AO7: مدين | AP7: دائن | AQ7: مدين | AR7: دائن | AS7: مدين | AT7: دائن | AU7: مدين | AV7: دائن | AW7: مدين | AX7: دائن
D8: 500 | E8: =SUMIF($I$7:$AX$7,$J$7,I8:AX8) -> 0 | F8: =IF(D8=E8,"palance","unpalance") -> unpalance | G8: =IF(D8>E8,D8-E8,E8-D8) -> 500 | H8: =IF(D8>E8,"مدين اكبر",IF(E8>D8,"دائن اكبر","~")) -> مدين اكبر | AP8: 0
D9: 12 | E9: =SUMIF($I$7:$AX$7,$J$7,I9:AX9) -> 0 | F9: =IF(D9=E9,"palance","unpalance") -> unpalance | G9: =IF(D9>E9,D9-E9,E9-D9) -> 12 | H9: =IF(D9>E9,"مدين اكبر",IF(E9>D9,"دائن اكبر","~")) -> مدين اكبر | AP9: 0
D10: =SUMIF($I$7:$AX$7,$I$7,I10:AX10) -> 0 | E10: =SUMIF($I$7:$AX$7,$J$7,I10:AX10) -> 0 | F10: =IF(D10=E10,"palance","unpalance") -> palance | G10: =IF(D10>E10,D10-E10,E10-D10) -> 0 | H10: =IF(D10>E10,"مدين اكبر",IF(E10>D10,"دائن اكبر","~")) -> ~
D11: =SUMIF($I$7:$AX$7,$I$7,I11:AX11) -> 0 | E11: =SUMIF($I$7:$AX$7,$J$7,I11:AX11) -> 0 | F11: =IF(D11=E11,"palance","unpalance") -> palance | G11: =IF(D11>E11,D11-E11,E11-D11) -> 0 | H11: =IF(D11>E11,"مدين اكبر",IF(E11>D11,"دائن اكبر","~")) -> ~
D12: =SUMIF($I$7:$AX$7,$I$7,I12:AX12) -> 0 | E12: =SUMIF($I$7:$AX$7,$J$7,I12:AX12) -> 0 | F12: =IF(D12=E12,"palance","unpalance") -> palance | G12: =IF(D12>E12,D12-E12,E12-D12) -> 0 | H12: =IF(D12>E12,"مدين اكبر",IF(E12>D12,"دائن اكبر","~")) -> ~
D13: =SUMIF($I$7:$AX$7,$I$7,I13:AX13) -> 0 | E13: =SUMIF($I$7:$AX$7,$J$7,I13:AX13) -> 0 | F13: =IF(D13=E13,"palance","unpalance") -> palance | G13: =IF(D13>E13,D13-E13,E13-D13) -> 0 | H13: =IF(D13>E13,"مدين اكبر",IF(E13>D13,"دائن اكبر","~")) -> ~
D14: =SUMIF($I$7:$AX$7,$I$7,I14:AX14) -> 0 | E14: =SUMIF($I$7:$AX$7,$J$7,I14:AX14) -> 0 | F14: =IF(D14=E14,"palance","unpalance") -> palance | G14: =IF(D14>E14,D14-E14,E14-D14) -> 0 | H14: =IF(D14>E14,"مدين اكبر",IF(E14>D14,"دائن اكبر","~")) -> ~
D15: =SUMIF($I$7:$AX$7,$I$7,I15:AX15) -> 0 | E15: =SUMIF($I$7:$AX$7,$J$7,I15:AX15) -> 0 | F15: =IF(D15=E15,"palance","unpalance") -> palance | G15: =IF(D15>E15,D15-E15,E15-D15) -> 0 | H15: =IF(D15>E15,"مدين اكبر",IF(E15>D15,"دائن اكبر","~")) -> ~
D16: =SUMIF($I$7:$AX$7,$I$7,I16:AX16) -> 0 | E16: =SUMIF($I$7:$AX$7,$J$7,I16:AX16) -> 0 | F16: =IF(D16=E16,"palance","unpalance") -> palance | G16: =IF(D16>E16,D16-E16,E16-D16) -> 0 | H16: =IF(D16>E16,"مدين اكبر",IF(E16>D16,"دائن اكبر","~")) -> ~
D17: =SUMIF($I$7:$AX$7,$I$7,I17:AX17) -> 0 | E17: =SUMIF($I$7:$AX$7,$J$7,I17:AX17) -> 0 | F17: =IF(D17=E17,"palance","unpalance") -> palance | G17: =IF(D17>E17,D17-E17,E17-D17) -> 0 | H17: =IF(D17>E17,"مدين اكبر",IF(E17>D17,"دائن اكبر","~")) -> ~
D18: =SUMIF($I$7:$AX$7,$I$7,I18:AX18) -> 0 | E18: =SUMIF($I$7:$AX$7,$J$7,I18:AX18) -> 0 | F18: =IF(D18=E18,"palance","unpalance") -> palance | G18: =IF(D18>E18,D18-E18,E18-D18) -> 0 | H18: =IF(D18>E18,"مدين اكبر",IF(E18>D18,"دائن اكبر","~")) -> ~
D19: =SUMIF($I$7:$AX$7,$I$7,I19:AX19) -> 0 | E19: =SUMIF($I$7:$AX$7,$J$7,I19:AX19) -> 0 | F19: =IF(D19=E19,"palance","unpalance") -> palance | G19: =IF(D19>E19,D19-E19,E19-D19) -> 0 | H19: =IF(D19>E19,"مدين اكبر",IF(E19>D19,"دائن اكبر","~")) -> ~
D20: =SUMIF($I$7:$AX$7,$I$7,I20:AX20) -> 0 | E20: =SUMIF($I$7:$AX$7,$J$7,I20:AX20) -> 0 | F20: =IF(D20=E20,"palance","unpalance") -> palance | G20: =IF(D20>E20,D20-E20,E20-D20) -> 0 | H20: =IF(D20>E20,"مدين اكبر",IF(E20>D20,"دائن اكبر","~")) -> ~
D21: =SUMIF($I$7:$AX$7,$I$7,I21:AX21) -> 0 | E21: =SUMIF($I$7:$AX$7,$J$7,I21:AX21) -> 0 | F21: =IF(D21=E21,"palance","unpalance") -> palance | G21: =IF(D21>E21,D21-E21,E21-D21) -> 0 | H21: =IF(D21>E21,"مدين اكبر",IF(E21>D21,"دائن اكبر","~")) -> ~
... D28: =SUMIF($I$7:$AX$7,$I$7,I28:AX28) -> 0 | E28: =SUMIF($I$7:$AX$7,$J$7,I28:AX28) -> 0 | F28: =IF(D28=E28,"palance","unpalance") -> palance | G28: =IF(D28>E28,D28-E28,E28-D28) -> 0 | H28: =IF(D28>E28,"مدين اكبر",IF(E28>D28,"دائن اكبر","~")) -> ~
A29: الاجمالي | F29: =IF(D29=E29,"palance","unpalance") -> palance | G29: =IF(D29>E29,D29-E29,E29-D29) -> 0 | H29: =IF(D29>E29,"مدين اكبر",IF(E29>D29,"دائن اكبر","~")) -> ~ | I29: =SUM(I8:I28) -> 0 | J29: =SUM(J8:J28) -> 0 | K29: =SUM(K8:K28) -> 0 | L29: =SUM(L8:L28) -> 0 | M29: =SUM(M8:M28) -> 0 | N29: =SUM(N8:N28) -> 0 | O29: =SUM(O8:O28) -> 0 | P29: =SUM(P8:P28) -> 0 | ... AX29: =SUM(AX8:AX28) -> 0

Sheet 14
A1: شركة المتحدة
A2: قسم الحسابات
A3: السنة المالية2021 | I3: =I29-J29+'13'!I3 -> 0 | K3: =K29-L29+'13'!K3 -> 0 | M3: =M29-N29+'13'!M3 -> 0 | O3: =O29-P29+'13'!O3 -> 0 | Q3: =Q29-R29+'13'!Q3 -> 0 | S3: =S29-T29+'13'!S3 -> 0 | U3: =U29-V29+'13'!U3 -> 0 | W3: =W29-X29+'13'!W3 -> 0 | Y3: =Y29-Z29+'13'!Y3 -> 0 | AA3: =AA29-AB29+'13'!AA3 -> 0 | AC3: =AC29-AD29+'13'!AC3 -> 0 | AE3: =AE29-AF29+'13'!AE3 -> 0 | AG3: =AG29-AH29+'13'!AG3 -> 0 | AI3: =AI29-AJ29+'13'!AI3 -> 0 | AK3: =AK29-AL29+'13'!AK3 -> 0 | AM3: =AM29-AN29+'13'!AM3 -> 0 | AO3: =AO29-AP29+'13'!AO3 -> 0 | AQ3: =AQ29-AR29+'13'!AQ3 -> 0 | AS3: =AS29-AT29+'13'!AS3 -> 0 | AU3: =AU29-AV29+'13'!AU3 -> 0 | AW3: =AW29-AX29+'13'!AW3 -> 0
A4: دليل الحسابات
A6: رقم القيد | B6: التاريخ | C6: البيان | D6: الاجمالي | F6: contorl | G6: الفرق | I6: النقدية | K6: بنك مصر | M6: مدينونTele | O6: Teachمدينون | Q6: ادوات كتابية | S6: السيارات | U6: مجمع اهلاك سيارات | W6: الاثاث | Y6: مجمع اهلاك الاثاث | AA6: مباني | AC6: معدات | AE6: الاراضي | AG6: دائنونGlobal | AI6: مصروف صيانة | AK6: رواتب واجور | AM6: مصروف اهلاك | AO6: ايرادات | AQ6: راس المال | AS6: مسحوبات | AU6: حساب1 | AW6: حساب2
D7: مدين | E7: دائن | I7: مدين | J7: دائن | K7: مدين | L7: دائن | M7: مدين | N7: دائن | O7: مدين | P7: دائن | Q7: مدين | R7: دائن | S7: مدين | T7: دائن | U7: مدين | V7: دائن | W7: مدين | X7: دائن | Y7: مدين | Z7: دائن | AA7: مدين | AB7: دائن | AC7: مدين | AD7: دائن | AE7: مدين | AF7: دائن | AG7: مدين | AH7: دائن | AI7: مدين | AJ7: دائن | AK7: مدين | AL7: دائن | AM7: مدين | AN7: دائن | AO7: مدين | AP7: دائن | AQ7: مدين | AR7: دائن | AS7: مدين | AT7: دائن | AU7: مدين | AV7: دائن | AW7: مدين | AX7: دائن
D8: 0 | E8: 0 | F8: =IF(D8=E8,"palance","unpalance") -> palance | G8: =IF(D8>E8,D8-E8,E8-D8) -> 0 | H8: =IF(D8>E8,"مدين اكبر",IF(E8>D8,"دائن اكبر","~")) -> ~
D9: 0 | E9: 0 | F9: =IF(D9=E9,"palance","unpalance") -> palance | G9: =IF(D9>E9,D9-E9,E9-D9) -> 0 | H9: =IF(D9>E9,"مدين اكبر",IF(E9>D9,"دائن اكبر","~")) -> ~
D10: =SUMIF($I$7:$AX$7,$I$7,I10:AX10) -> 0 | E10: =SUMIF($I$7:$AX$7,$J$7,I10:AX10) -> 0 | F10: =IF(D10=E10,"palance","unpalance") -> palance | G10: =IF(D10>E10,D10-E10,E10-D10) -> 0 | H10: =IF(D10>E10,"مدين اكبر",IF(E10>D10,"دائن اكبر","~")) -> ~
D11: =SUMIF($I$7:$AX$7,$I$7,I11:AX11) -> 0 | E11: =SUMIF($I$7:$AX$7,$J$7,I11:AX11) -> 0 | F11: =IF(D11=E11,"palance","unpalance") -> palance | G11: =IF(D11>E11,D11-E11,E11-D11) -> 0 | H11: =IF(D11>E11,"مدين اكبر",IF(E11>D11,"دائن اكبر","~")) -> ~
D12: =SUMIF($I$7:$AX$7,$I$7,I12:AX12) -> 0 | E12: =SUMIF($I$7:$AX$7,$J$7,I12:AX12) -> 0 | F12: =IF(D12=E12,"palance","unpalance") -> palance | G12: =IF(D12>E12,D12-E12,E12-D12) -> 0 | H12: =IF(D12>E12,"مدين اكبر",IF(E12>D12,"دائن اكبر","~")) -> ~
D13: =SUMIF($I$7:$AX$7,$I$7,I13:AX13) -> 0 | E13: =SUMIF($I$7:$AX$7,$J$7,I13:AX13) -> 0 | F13: =IF(D13=E13,"palance","unpalance") -> palance | G13: =IF(D13>E13,D13-E13,E13-D13) -> 0 | H13: =IF(D13>E13,"مدين اكبر",IF(E13>D13,"دائن اكبر","~")) -> ~
D14: =SUMIF($I$7:$AX$7,$I$7,I14:AX14) -> 0 | E14: =SUMIF($I$7:$AX$7,$J$7,I14:AX14) -> 0 | F14: =IF(D14=E14,"palance","unpalance") -> palance | G14: =IF(D14>E14,D14-E14,E14-D14) -> 0 | H14: =IF(D14>E14,"مدين اكبر",IF(E14>D14,"دائن اكبر","~")) -> ~
D15: =SUMIF($I$7:$AX$7,$I$7,I15:AX15) -> 0 | E15: =SUMIF($I$7:$AX$7,$J$7,I15:AX15) -> 0 | F15: =IF(D15=E15,"palance","unpalance") -> palance | G15: =IF(D15>E15,D15-E15,E15-D15) -> 0 | H15: =IF(D15>E15,"مدين اكبر",IF(E15>D15,"دائن اكبر","~")) -> ~
D16: =SUMIF($I$7:$AX$7,$I$7,I16:AX16) -> 0 | E16: =SUMIF($I$7:$AX$7,$J$7,I16:AX16) -> 0 | F16: =IF(D16=E16,"palance","unpalance") -> palance | G16: =IF(D16>E16,D16-E16,E16-D16) -> 0 | H16: =IF(D16>E16,"مدين اكبر",IF(E16>D16,"دائن اكبر","~")) -> ~
D17: =SUMIF($I$7:$AX$7,$I$7,I17:AX17) -> 0 | E17: =SUMIF($I$7:$AX$7,$J$7,I17:AX17) -> 0 | F17: =IF(D17=E17,"palance","unpalance") -> palance | G17: =IF(D17>E17,D17-E17,E17-D17) -> 0 | H17: =IF(D17>E17,"مدين اكبر",IF(E17>D17,"دائن اكبر","~")) -> ~
D18: =SUMIF($I$7:$AX$7,$I$7,I18:AX18) -> 0 | E18: =SUMIF($I$7:$AX$7,$J$7,I18:AX18) -> 0 | F18: =IF(D18=E18,"palance","unpalance") -> palance | G18: =IF(D18>E18,D18-E18,E18-D18) -> 0 | H18: =IF(D18>E18,"مدين اكبر",IF(E18>D18,"دائن اكبر","~")) -> ~
D19: =SUMIF($I$7:$AX$7,$I$7,I19:AX19) -> 0 | E19: =SUMIF($I$7:$AX$7,$J$7,I19:AX19) -> 0 | F19: =IF(D19=E19,"palance","unpalance") -> palance | G19: =IF(D19>E19,D19-E19,E19-D19) -> 0 | H19: =IF(D19>E19,"مدين اكبر",IF(E19>D19,"دائن اكبر","~")) -> ~
D20: =SUMIF($I$7:$AX$7,$I$7,I20:AX20) -> 0 | E20: =SUMIF($I$7:$AX$7,$J$7,I20:AX20) -> 0 | F20: =IF(D20=E20,"palance","unpalance") -> palance | G20: =IF(D20>E20,D20-E20,E20-D20) -> 0 | H20: =IF(D20>E20,"مدين اكبر",IF(E20>D20,"دائن اكبر","~")) -> ~
D21: =SUMIF($I$7:$AX$7,$I$7,I21:AX21) -> 0 | E21: =SUMIF($I$7:$AX$7,$J$7,I21:AX21) -> 0 | F21: =IF(D21=E21,"palance","unpalance") -> palance | G21: =IF(D21>E21,D21-E21,E21-D21) -> 0 | H21: =IF(D21>E21,"مدين اكبر",IF(E21>D21,"دائن اكبر","~")) -> ~
... D28: =SUMIF($I$7:$AX$7,$I$7,I28:AX28) -> 0 | E28: =SUMIF($I$7:$AX$7,$J$7,I28:AX28) -> 0 | F28: =IF(D28=E28,"palance","unpalance") -> palance | G28: =IF(D28>E28,D28-E28,E28-D28) -> 0 | H28: =IF(D28>E28,"مدين اكبر",IF(E28>D28,"دائن اكبر","~")) -> ~
A29: الاجمالي | F29: =IF(D29=E29,"palance","unpalance") -> palance | G29: =IF(D29>E29,D29-E29,E29-D29) -> 0 | H29: =IF(D29>E29,"مدين اكبر",IF(E29>D29,"دائن اكبر","~")) -> ~ | I29: =SUM(I8:I28) -> 0 | J29: =SUM(J8:J28) -> 0 | K29: =SUM(K8:K28) -> 0 | L29: =SUM(L8:L28) -> 0 | M29: =SUM(M8:M28) -> 0 | N29: =SUM(N8:N28) -> 0 | O29: =SUM(O8:O28) -> 0 | P29: =SUM(P8:P28) -> 0 | ... AX29: =SUM(AX8:AX28) -> 0

Sheet Adjusted
A1: شركة المتحدة
A2: قسم الحسابات
A3: السنة المالية2021 | I3: =I29-J29+'14'!I3 -> 0 | K3: =K29-L29+'14'!K3 -> 0 | M3: =M29-N29+'14'!M3 -> 0 | O3: =O29-P29+'14'!O3 -> 0 | Q3: =Q29-R29+'14'!Q3 -> 0 | S3: =S29-T29+'14'!S3 -> 0 | U3: =U29-V29+'14'!U3 -> 0 | W3: =W29-X29+'14'!W3 -> 0 | Y3: =Y29-Z29+'14'!Y3 -> 0 | AA3: =AA29-AB29+'14'!AA3 -> 0 | AC3: =AC29-AD29+'14'!AC3 -> 0 | AE3: =AE29-AF29+'14'!AE3 -> 0 | AG3: =AG29-AH29+'14'!AG3 -> 0 | AI3: =AI29-AJ29+'14'!AI3 -> 0 | AK3: =AK29-AL29+'14'!AK3 -> 0 | AM3: =AM29-AN29+'14'!AM3 -> 0 | AO3: =AO29-AP29+'14'!AO3 -> 0 | AQ3: =AQ29-AR29+'14'!AQ3 -> 0 | AS3: =AS29-AT29+'14'!AS3 -> 0 | AU3: =AU29-AV29+'14'!AU3 -> 0 | AW3: =AW29-AX29+'14'!AW3 -> 0
A4: دليل الحسابات
A6: رقم القيد | B6: التاريخ | C6: البيان | D6: الاجمالي | F6: contorl | G6: الفرق | I6: النقدية | K6: بنك مصر | M6: مدينونTele | O6: Teachمدينون | Q6: ادوات كتابية | S6: السيارات | U6: مجمع اهلاك سيارات | W6: الاثاث | Y6: مجمع اهلاك الاثاث | AA6: مباني | AC6: معدات | AE6: الاراضي | AG6: دائنونGlobal | AI6: مصروف صيانة | AK6: رواتب واجور | AM6: مصروف اهلاك | AO6: ايرادات | AQ6: راس المال | AS6: مسحوبات | AU6: حساب1 | AW6: حساب2
D7: مدين | E7: دائن | I7: مدين | J7: دائن | K7: مدين | L7: دائن | M7: مدين | N7: دائن | O7: مدين | P7: دائن | Q7: مدين | R7: دائن | S7: مدين | T7: دائن | U7: مدين | V7: دائن | W7: مدين | X7: دائن | Y7: مدين | Z7: دائن | AA7: مدين | AB7: دائن | AC7: مدين | AD7: دائن | AE7: مدين | AF7: دائن | AG7: مدين | AH7: دائن | AI7: مدين | AJ7: دائن | AK7: مدين | AL7: دائن | AM7: مدين | AN7: دائن | AO7: مدين | AP7: دائن | AQ7: مدين | AR7: دائن | AS7: مدين | AT7: دائن | AU7: مدين | AV7: دائن | AW7: مدين | AX7: دائن
D8: 500 | E8: =SUMIF($I$7:$AX$7,$J$7,I8:AX8) -> 0 | F8: =IF(D8=E8,"palance","unpalance") -> unpalance | G8: =IF(D8>E8,D8-E8,E8-D8) -> 500 | H8: =IF(D8>E8,"مدين اكبر",IF(E8>D8,"دائن اكبر","~")) -> مدين اكبر
D9: 12 | E9: =SUMIF($I$7:$AX$7,$J$7,I9:AX9) -> 0 | F9: =IF(D9=E9,"palance","unpalance") -> unpalance | G9: =IF(D9>E9,D9-E9,E9-D9) -> 12 | H9: =IF(D9>E9,"مدين اكبر",IF(E9>D9,"دائن اكبر","~")) -> مدين اكبر
D10: =SUMIF($I$7:$AX$7,$I$7,I10:AX10) -> 0 | E10: =SUMIF($I$7:$AX$7,$J$7,I10:AX10) -> 0 | F10: =IF(D10=E10,"palance","unpalance") -> palance | G10: =IF(D10>E10,D10-E10,E10-D10) -> 0 | H10: =IF(D10>E10,"مدين اكبر",IF(E10>D10,"دائن اكبر","~")) -> ~
D11: =SUMIF($I$7:$AX$7,$I$7,I11:AX11) -> 0 | E11: =SUMIF($I$7:$AX$7,$J$7,I11:AX11) -> 0 | F11: =IF(D11=E11,"palance","unpalance") -> palance | G11: =IF(D11>E11,D11-E11,E11-D11) -> 0 | H11: =IF(D11>E11,"مدين اكبر",IF(E11>D11,"دائن اكبر","~")) -> ~
D12: =SUMIF($I$7:$AX$7,$I$7,I12:AX12) -> 0 | E12: =SUMIF($I$7:$AX$7,$J$7,I12:AX12) -> 0 | F12: =IF(D12=E12,"palance","unpalance") -> palance | G12: =IF(D12>E12,D12-E12,E12-D12) -> 0 | H12: =IF(D12>E12,"مدين اكبر",IF(E12>D12,"دائن اكبر","~")) -> ~
D13: =SUMIF($I$7:$AX$7,$I$7,I13:AX13) -> 0 | E13: =SUMIF($I$7:$AX$7,$J$7,I13:AX13) -> 0 | F13: =IF(D13=E13,"palance","unpalance") -> palance | G13: =IF(D13>E13,D13-E13,E13-D13) -> 0 | H13: =IF(D13>E13,"مدين اكبر",IF(E13>D13,"دائن اكبر","~")) -> ~
D14: =SUMIF($I$7:$AX$7,$I$7,I14:AX14) -> 0 | E14: =SUMIF($I$7:$AX$7,$J$7,I14:AX14) -> 0 | F14: =IF(D14=E14,"palance","unpalance") -> palance | G14: =IF(D14>E14,D14-E14,E14-D14) -> 0 | H14: =IF(D14>E14,"مدين اكبر",IF(E14>D14,"دائن اكبر","~")) -> ~
D15: =SUMIF($I$7:$AX$7,$I$7,I15:AX15) -> 0 | E15: =SUMIF($I$7:$AX$7,$J$7,I15:AX15) -> 0 | F15: =IF(D15=E15,"palance","unpalance") -> palance | G15: =IF(D15>E15,D15-E15,E15-D15) -> 0 | H15: =IF(D15>E15,"مدين اكبر",IF(E15>D15,"دائن اكبر","~")) -> ~
D16: =SUMIF($I$7:$AX$7,$I$7,I16:AX16) -> 0 | E16: =SUMIF($I$7:$AX$7,$J$7,I16:AX16) -> 0 | F16: =IF(D16=E16,"palance","unpalance") -> palance | G16: =IF(D16>E16,D16-E16,E16-D16) -> 0 | H16: =IF(D16>E16,"مدين اكبر",IF(E16>D16,"دائن اكبر","~")) -> ~
D17: =SUMIF($I$7:$AX$7,$I$7,I17:AX17) -> 0 | E17: =SUMIF($I$7:$AX$7,$J$7,I17:AX17) -> 0 | F17: =IF(D17=E17,"palance","unpalance") -> palance | G17: =IF(D17>E17,D17-E17,E17-D17) -> 0 | H17: =IF(D17>E17,"مدين اكبر",IF(E17>D17,"دائن اكبر","~")) -> ~
D18: =SUMIF($I$7:$AX$7,$I$7,I18:AX18) -> 0 | E18: =SUMIF($I$7:$AX$7,$J$7,I18:AX18) -> 0 | F18: =IF(D18=E18,"palance","unpalance") -> palance | G18: =IF(D18>E18,D18-E18,E18-D18) -> 0 | H18: =IF(D18>E18,"مدين اكبر",IF(E18>D18,"دائن اكبر","~")) -> ~
D19: =SUMIF($I$7:$AX$7,$I$7,I19:AX19) -> 0 | E19: =SUMIF($I$7:$AX$7,$J$7,I19:AX19) -> 0 | F19: =IF(D19=E19,"palance","unpalance") -> palance | G19: =IF(D19>E19,D19-E19,E19-D19) -> 0 | H19: =IF(D19>E19,"مدين اكبر",IF(E19>D19,"دائن اكبر","~")) -> ~
D20: =SUMIF($I$7:$AX$7,$I$7,I20:AX20) -> 0 | E20: =SUMIF($I$7:$AX$7,$J$7,I20:AX20) -> 0 | F20: =IF(D20=E20,"palance","unpalance") -> palance | G20: =IF(D20>E20,D20-E20,E20-D20) -> 0 | H20: =IF(D20>E20,"مدين اكبر",IF(E20>D20,"دائن اكبر","~")) -> ~
D21: =SUMIF($I$7:$AX$7,$I$7,I21:AX21) -> 0 | E21: =SUMIF($I$7:$AX$7,$J$7,I21:AX21) -> 0 | F21: =IF(D21=E21,"palance","unpalance") -> palance | G21: =IF(D21>E21,D21-E21,E21-D21) -> 0 | H21: =IF(D21>E21,"مدين اكبر",IF(E21>D21,"دائن اكبر","~")) -> ~
... D28: =SUMIF($I$7:$AX$7,$I$7,I28:AX28) -> 0 | E28: =SUMIF($I$7:$AX$7,$J$7,I28:AX28) -> 0 | F28: =IF(D28=E28,"palance","unpalance") -> palance | G28: =IF(D28>E28,D28-E28,E28-D28) -> 0 | H28: =IF(D28>E28,"مدين اكبر",IF(E28>D28,"دائن اكبر","~")) -> ~
A29: الاجمالي | F29: =IF(D29=E29,"palance","unpalance") -> palance | G29: =IF(D29>E29,D29-E29,E29-D29) -> 0 | H29: =IF(D29>E29,"مدين اكبر",IF(E29>D29,"دائن اكبر","~")) -> ~ | I29: =SUM(I8:I28) -> 0 | J29: =SUM(J8:J28) -> 0 | K29: =SUM(K8:K28) -> 0 | L29: =SUM(L8:L28) -> 0 | M29: =SUM(M8:M28) -> 0 | N29: =SUM(N8:N28) -> 0 | O29: =SUM(O8:O28) -> 0 | P29: =SUM(P8:P28) -> 0 | ... AX29: =SUM(AX8:AX28) -> 0

Sheet T_Account
B3: =B23-C23 -> 0 | D3: =D23-E23 -> 0 | F3: =F23-G23 -> 0 | H3: =H23-I23 -> 0 | J3: =J23-K23 -> 0 | L3: =L23-M23 -> 0 | N3: =N23-O23 -> 0 | P3: =P23-Q23 -> 0 | R3: =R23-S23 -> 0 | T3: =T23-U23 -> 0 | V3: =V23-W23 -> 0 | X3: =X23-Y23 -> 0 | Z3: =Z23-AA23 -> 0 | AB3: =AB23-AC23 -> 0 | AD3: =AD23-AE23 -> 0 | AF3: =AF23-AG23 -> 0 | AH3: =AH23-AI23 -> 0 | AJ3: =AJ23-AK23 -> 0 | AL3: =AL23-AM23 -> 0 | AN3: =AN23-AO23 -> 0 | AP3: =AP23-AQ23 -> 0
A6: التاريخ | B6: النقدية | D6: بنك مصر | F6: مدينونTele | H6: Teachمدينون | J6: ادوات كتابية | L6: السيارات | N6: مجمع اهلاك سيارات | P6: الاثاث | R6: مجمع اهلاك الاثاث | T6: مباني | V6: معدات | X6: الاراضي | Z6: دائنونGlobal | AB6: مصروف صيانة | AD6: رواتب واجور | AF6: مصروف اهلاك | AH6: ايرادات | AJ6: راس المال | AL6: مسحوبات | AN6: حساب1 | AP6: حساب2
B7: مدين | C7: دائن | D7: مدين | E7: دائن | F7: مدين | G7: دائن | H7: مدين | I7: دائن | J7: مدين | K7: دائن | L7: مدين | M7: دائن | N7: مدين | O7: دائن | P7: مدين | Q7: دائن | R7: مدين | S7: دائن | T7: مدين | U7: دائن | V7: مدين | W7: دائن | X7: مدين | Y7: دائن | Z7: مدين | AA7: دائن | AB7: مدين | AC7: دائن | AD7: مدين | AE7: دائن | AF7: مدين | AG7: دائن | AH7: مدين | AI7: دائن | AJ7: مدين | AK7: دائن | AL7: مدين | AM7: دائن | AN7: مدين | AO7: دائن | AP7: مدين | AQ7: دائن
A8: opining | B8: =opining!I29 -> 0 | C8: =opining!J29 -> 0 | D8: =opining!K29 -> 0 | E8: =opining!L29 -> 0 | F8: =opining!M29 -> 0 | G8: =opining!N29 -> 0 | H8: =opining!O29 -> 0 | I8: =opining!P29 -> 0 | ... AQ8: =opining!AX29 -> 0
A9: 1 | B9: ='1'!I29 -> 0 | C9: ='1'!J29 -> 0 | D9: ='1'!K29 -> 0 | E9: ='1'!L29 -> 0 | F9: ='1'!M29 -> 0 | G9: ='1'!N29 -> 0 | H9: ='1'!O29 -> 0 | I9: ='1'!P29 -> 0 | ... AQ9: ='1'!AX29 -> 0
A10: 2 | B10: ='2'!I29 -> 0 | C10: ='2'!J29 -> 0 | D10: ='2'!K29 -> 0 | E10: ='2'!L29 -> 0 | F10: ='2'!M29 -> 0 | G10: ='2'!N29 -> 0 | H10: ='2'!O29 -> 0 | I10: ='2'!P29 -> 0 | ... AQ10: ='2'!AX29 -> 0
A11: 3 | B11: ='3'!I29 -> 0 | C11: ='3'!J29 -> 0 | D11: ='3'!K29 -> 0 | E11: ='3'!L29 -> 0 | F11: ='3'!M29 -> 0 | G11: ='3'!N29 -> 0 | H11: ='3'!O29 -> 0 | I11: ='3'!P29 -> 0 | ... AQ11: ='3'!AX29 -> 0
A12: 4 | B12: ='4'!I29 -> 0 | C12: ='4'!J29 -> 0 | D12: ='4'!K29 -> 0 | E12: ='4'!L29 -> 0 | F12: ='4'!M29 -> 0 | G12: ='4'!N29 -> 0 | H12: ='4'!O29 -> 0 | I12: ='4'!P29 -> 0 | ... AQ12: ='4'!AX29 -> 0
A13: 5 | B13: ='5'!I29 -> 0 | C13: ='5'!J29 -> 0 | D13: ='5'!K29 -> 0 | E13: ='5'!L29 -> 0 | F13: ='5'!M29 -> 0 | G13: ='5'!N29 -> 0 | H13: ='5'!O29 -> 0 | I13: ='5'!P29 -> 0 | ... AQ13: ='5'!AX29 -> 0
A14: 6 | B14: ='6'!I29 -> 0 | C14: ='6'!J29 -> 0 | D14: ='6'!K29 -> 0 | E14: ='6'!L29 -> 0 | F14: ='6'!M29 -> 0 | G14: ='6'!N29 -> 0 | H14: ='6'!O29 -> 0 | I14: ='6'!P29 -> 0 | ... AQ14: ='6'!AX29 -> 0
A15: 7 | B15: ='7'!I29 -> 0 | C15: ='7'!J29 -> 0 | D15: ='7'!K29 -> 0 | E15: ='7'!L29 -> 0 | F15: ='7'!M29 -> 0 | G15: ='7'!N29 -> 0 | H15: ='7'!O29 -> 0 | I15: ='7'!P29 -> 0 | ... AQ15: ='7'!AX29 -> 0
A16: 8 | B16: ='8'!I29 -> 0 | C16: ='8'!J29 -> 0 | D16: ='8'!K29 -> 0 | E16: ='8'!L29 -> 0 | F16: ='8'!M29 -> 0 | G16: ='8'!N29 -> 0 | H16: ='8'!O29 -> 0 | I16: ='8'!P29 -> 0 | ... AQ16: ='8'!AX29 -> 0
A17: 9 | B17: ='9'!I29 -> 0 | C17: ='9'!J29 -> 0 | D17: ='9'!K29 -> 0 | E17: ='9'!L29 -> 0 | F17: ='9'!M29 -> 0 | G17: ='9'!N29 -> 0 | H17: ='9'!O29 -> 0 | I17: ='9'!P29 -> 0 | ... AQ17: ='9'!AX29 -> 0
A18: 10 | B18: ='10'!I29 -> 0 | C18: ='10'!J29 -> 0 | D18: ='10'!K29 -> 0 | E18: ='10'!L29 -> 0 | F18: ='10'!M29 -> 0 | G18: ='10'!N29 -> 0 | H18: ='10'!O29 -> 0 | I18: ='10'!P29 -> 0 | ... AQ18: ='10'!AX29 -> 0
A19: 11 | B19: ='11'!I29 -> 0 | C19: ='11'!J29 -> 0 | D19: ='11'!K29 -> 0 | E19: ='11'!L29 -> 0 | F19: ='11'!M29 -> 0 | G19: ='11'!N29 -> 0 | H19: ='11'!O29 -> 0 | I19: ='11'!P29 -> 0 | ... AQ19: ='11'!AX29 -> 0
A20: 12 | B20: ='12'!I29 -> 0 | C20: ='12'!J29 -> 0 | D20: ='12'!K29 -> 0 | E20: ='12'!L29 -> 0 | F20: ='12'!M29 -> 0 | G20: ='12'!N29 -> 0 | H20: ='12'!O29 -> 0 | I20: ='12'!P29 -> 0 | ... AQ20: ='12'!AX29 -> 0
A21: 13 | B21: ='13'!I29 -> 0 | C21: ='13'!J29 -> 0 | D21: ='13'!K29 -> 0 | E21: ='13'!L29 -> 0 | F21: ='13'!M29 -> 0 | G21: ='13'!N29 -> 0 | H21: ='13'!O29 -> 0 | I21: ='13'!P29 -> 0 | ... AQ21: ='13'!AX29 -> 0
A22: 14 | B22: ='14'!I29 -> 0 | C22: ='14'!J29 -> 0 | D22: ='14'!K29 -> 0 | E22: ='14'!L29 -> 0 | F22: ='14'!M29 -> 0 | G22: ='14'!N29 -> 0 | H22: ='14'!O29 -> 0 | I22: ='14'!P29 -> 0 | ... AQ22: ='14'!AX29 -> 0
A23: Total | B23: =SUM(B8:B22) -> 0 | C23: =SUM(C8:C22) -> 0 | D23: =SUM(D8:D22) -> 0 | E23: =SUM(E8:E22) -> 0 | F23: =SUM(F8:F22) -> 0 | G23: =SUM(G8:G22) -> 0 | H23: =SUM(H8:H22) -> 0 | I23: =SUM(I8:I22) -> 0 | ... AQ23: =SUM(AQ8:AQ22) -> 0

Sheet Trial Balance 
A1: شركة المتحدة
A2: قسم الحسابات
A3: السنة المالية2021
A4: دليل الحسابات
G6: اسم الحساب | I6: الاجمالي | K6: الرصيد(الفرق)
I7: مدين | J7: دائن | K7: مدين | L7: دائن
G8: النقدية | I8: =INDEX(T_Account!$B$23:$AQ$23,1,MATCH('Trial Balance '!G8,T_Account!$B$6:$AQ$6,0)) -> 0 | J8: {=INDEX(T_Account!$B$23:$AQ$23,1,MATCH('Trial Balance '!G8,T_Account!$B$6:$AQ$6,0)+1)} -> 0 | K8: =IF(I8>J8,I8-J8,0) -> 0 | L8: =IF(J8>I8,J8-I8,) -> 0
G9: بنك مصر | I9: =INDEX(T_Account!$B$23:$AQ$23,1,MATCH('Trial Balance '!G9,T_Account!$B$6:$AQ$6,0)) -> 0 | J9: {=INDEX(T_Account!$B$23:$AQ$23,1,MATCH('Trial Balance '!G9,T_Account!$B$6:$AQ$6,0)+1)} -> 0 | K9: =IF(I9>J9,I9-J9,0) -> 0 | L9: =IF(J9>I9,J9-I9,) -> 0
G10: مدينونTele | I10: =INDEX(T_Account!$B$23:$AQ$23,1,MATCH('Trial Balance '!G10,T_Account!$B$6:$AQ$6,0)) -> 0 | J10: {=INDEX(T_Account!$B$23:$AQ$23,1,MATCH('Trial Balance '!G10,T_Account!$B$6:$AQ$6,0)+1)} -> 0 | K10: =IF(I10>J10,I10-J10,0) -> 0 | L10: =IF(J10>I10,J10-I10,) -> 0
G11: Teachمدينون | I11: =INDEX(T_Account!$B$23:$AQ$23,1,MATCH('Trial Balance '!G11,T_Account!$B$6:$AQ$6,0)) -> 0 | J11: {=INDEX(T_Account!$B$23:$AQ$23,1,MATCH('Trial Balance '!G11,T_Account!$B$6:$AQ$6,0)+1)} -> 0 | K11: =IF(I11>J11,I11-J11,0) -> 0 | L11: =IF(J11>I11,J11-I11,) -> 0
G12: ادوات كتابية | I12: =INDEX(T_Account!$B$23:$AQ$23,1,MATCH('Trial Balance '!G12,T_Account!$B$6:$AQ$6,0)) -> 0 | J12: {=INDEX(T_Account!$B$23:$AQ$23,1,MATCH('Trial Balance '!G12,T_Account!$B$6:$AQ$6,0)+1)} -> 0 | K12: =IF(I12>J12,I12-J12,0) -> 0 | L12: =IF(J12>I12,J12-I12,) -> 0
G13: السيارات | I13: =INDEX(T_Account!$B$23:$AQ$23,1,MATCH('Trial Balance '!G13,T_Account!$B$6:$AQ$6,0)) -> 0 | J13: {=INDEX(T_Account!$B$23:$AQ$23,1,MATCH('Trial Balance '!G13,T_Account!$B$6:$AQ$6,0)+1)} -> 0 | K13: =IF(I13>J13,I13-J13,0) -> 0 | L13: =IF(J13>I13,J13-I13,) -> 0
G14: مجمع اهلاك سيارات | I14: =INDEX(T_Account!$B$23:$AQ$23,1,MATCH('Trial Balance '!G14,T_Account!$B$6:$AQ$6,0)) -> 0 | J14: {=INDEX(T_Account!$B$23:$AQ$23,1,MATCH('Trial Balance '!G14,T_Account!$B$6:$AQ$6,0)+1)} -> 0 | K14: =IF(I14>J14,I14-J14,0) -> 0 | L14: =IF(J14>I14,J14-I14,) -> 0
G15: الاثاث | I15: =INDEX(T_Account!$B$23:$AQ$23,1,MATCH('Trial Balance '!G15,T_Account!$B$6:$AQ$6,0)) -> 0 | J15: {=INDEX(T_Account!$B$23:$AQ$23,1,MATCH('Trial Balance '!G15,T_Account!$B$6:$AQ$6,0)+1)} -> 0 | K15: =IF(I15>J15,I15-J15,0) -> 0 | L15: =IF(J15>I15,J15-I15,) -> 0
G16: مجمع اهلاك الاثاث | I16: =INDEX(T_Account!$B$23:$AQ$23,1,MATCH('Trial Balance '!G16,T_Account!$B$6:$AQ$6,0)) -> 0 | J16: {=INDEX(T_Account!$B$23:$AQ$23,1,MATCH('Trial Balance '!G16,T_Account!$B$6:$AQ$6,0)+1)} -> 0 | K16: =IF(I16>J16,I16-J16,0) -> 0 | L16: =IF(J16>I16,J16-I16,) -> 0
G17: مباني | I17: =INDEX(T_Account!$B$23:$AQ$23,1,MATCH('Trial Balance '!G17,T_Account!$B$6:$AQ$6,0)) -> 0 | J17: {=INDEX(T_Account!$B$23:$AQ$23,1,MATCH('Trial Balance '!G17,T_Account!$B$6:$AQ$6,0)+1)} -> 0 | K17: =IF(I17>J17,I17-J17,0) -> 0 | L17: =IF(J17>I17,J17-I17,) -> 0
G18: معدات | I18: =INDEX(T_Account!$B$23:$AQ$23,1,MATCH('Trial Balance '!G18,T_Account!$B$6:$AQ$6,0)) -> 0 | J18: {=INDEX(T_Account!$B$23:$AQ$23,1,MATCH('Trial Balance '!G18,T_Account!$B$6:$AQ$6,0)+1)} -> 0 | K18: =IF(I18>J18,I18-J18,0) -> 0 | L18: =IF(J18>I18,J18-I18,) -> 0
G19: الاراضي | I19: =INDEX(T_Account!$B$23:$AQ$23,1,MATCH('Trial Balance '!G19,T_Account!$B$6:$AQ$6,0)) -> 0 | J19: {=INDEX(T_Account!$B$23:$AQ$23,1,MATCH('Trial Balance '!G19,T_Account!$B$6:$AQ$6,0)+1)} -> 0 | K19: =IF(I19>J19,I19-J19,0) -> 0 | L19: =IF(J19>I19,J19-I19,) -> 0
... G28: حساب2 | I28: =INDEX(T_Account!$B$23:$AQ$23,1,MATCH('Trial Balance '!G28,T_Account!$B$6:$AQ$6,0)) -> 0 | J28: {=INDEX(T_Account!$B$23:$AQ$23,1,MATCH('Trial Balance '!G28,T_Account!$B$6:$AQ$6,0)+1)} -> 0 | K28: =IF(I28>J28,I28-J28,0) -> 0 | L28: =IF(J28>I28,J28-I28,) -> 0
G29: Total | I29: =SUM(I8:I28) -> 0 | J29: =SUM(J8:J28) -> 0 | K29: =SUM(K8:K28) -> 0 | L29: =SUM(L8:L28) -> 0
I30: =IF(I29=J29,"Balance","Un Balance") -> Balance | K30: =IF(K29=L29,"Balance","Un Balance") -> Balance

Sheet Financial Statments
A1: Income Statement | L1: Balance Sheet
A3: الايرادات | L3: الاصول | P3: الالتزامات
A4: ايراد تشغيلي | C4: ='Trial Balance '!L24 -> 0 | L4: الاصول المتداولة | P4: دائنون | R4: ='Trial Balance '!L20 -> 0
A5: ايراد خدمي | C5: 0 | L5: النقدية | N5: ='Trial Balance '!K8 -> 0
A6: ايراد استثماري | C6: 0 | L6: بنك مصر | N6: ='Trial Balance '!K9 -> 0
A7: اجمالي الايرادات | D7: =SUM(C4:C6) -> 0 | L7: مدينونTele | N7: ='Trial Balance '!K10 -> 0
A8: المصروفات | L8: Teachمدينون | N8: ='Trial Balance '!K11 -> 0
A9: مصروف صيانة | C9: ='Trial Balance '!K21 -> 0 | L9: ادوات كتابية | N9: ='Trial Balance '!K12 -> 0
A10: رواتب واجور | C10: ='Trial Balance '!K22 -> 0 | G10: Statement of Owner's Equity | L10: اجمالي الاصول المتداولة | O10: =SUM(N5:N9) -> 0 | P10: اجمالي الالتزامات | S10: =R4 -> 0
A11: مصروف اهلاك | C11: ='Trial Balance '!K23 -> 0 | L11: الاصول الثابتة | P11: حقوق الملكية
A12: اجمالي المصروفات | D12: =SUM(C9:C11) -> 0 | G12: راس الماال اول الفترة | I12: ='Trial Balance '!L25 -> 0 | L12: السيارات | N12: ='Trial Balance '!K13 -> 0 | P12: راس المال في نهاية الفترة | R12: =J16 -> 0
B13: صافي الدخل | E13: =SUM(D7-D12) -> 0 | G13: الاستثمار الاضافي | I13: 0 | L13: (مجمع اهلاك سيارات) | N13: =-'Trial Balance '!L14 -> 0
G14: صافي الدخل | I14: =E13 -> 0 | L14: الاثاث | N14: ='Trial Balance '!K15 -> 0
G15: (المسحوبات الشخصية) | I15: =-'Trial Balance '!K26 -> 0 | L15: (مجمع اهلاك الاثاث) | N15: =-'Trial Balance '!L16 -> 0
H16: راس المال في نهاية الفترة | J16: =SUM(I12:I15) -> 0 | L16: مباني | N16: ='Trial Balance '!K17 -> 0
L17: معدات | N17: ='Trial Balance '!K18 -> 0
L18: الاراضي | N18: ='Trial Balance '!K19 -> 0
L19: اجمالي الاصول الثابتة | O19: =SUM(N12:N18) -> 0 | P19: اجمالي حقوق الملكية | S19: =R12 -> 0
L20: اجمالي الاصول | O20: =O10+O19 -> 0 | P20: اجمالي الالتزامات+حقوق الملكية | S20: =S10+S19 -> 0
N21: =IF(O20=S20,"Balance","Un Balance") -> Balance
